title,artist,top_genre,year,bpm,nrgy,dnce,db,live,val,dur,acous,spch,pop,duration_min,pca_1,pca_2,cluster
"Hey, Soul Sister",Train,neo mellow,2010,97,89,67,-4,8,80,217,19,4,83,3.6166666666666663,1.3676383466557422,1.3668873824268293,0
Love The Way You Lie,Eminem,detroit hip hop,2010,87,93,75,-5,52,64,263,24,23,82,4.383333333333334,1.1966748505563787,-1.000118103759067,3
TiK ToK,Kesha,dance pop,2010,120,84,76,-3,29,71,200,10,14,80,3.333333333333333,2.1060876584876587,0.19503052136477686,0
Bad Romance,Lady Gaga,dance pop,2010,119,92,70,-4,8,71,295,0,4,79,4.916666666666667,1.3047956624715533,-0.025455633094630937,0
Just the Way You Are,Bruno Mars,pop,2010,109,84,64,-5,9,43,221,2,4,78,3.683333333333333,0.5124193996574394,0.4956784394991981,0
Baby,Justin Bieber,canadian pop,2010,65,86,73,-5,11,54,214,4,14,77,3.566666666666667,1.0007051141172434,1.2092217551817799,0
Dynamite,Taio Cruz,dance pop,2010,120,78,75,-4,4,82,203,0,9,77,3.3833333333333333,1.7817886160718013,1.2588847751506693,0
Secrets,OneRepublic,dance pop,2010,148,76,52,-6,12,38,225,7,4,77,3.75,-0.3984151055613414,-0.555342390110896,2
Empire State of Mind (Part II) Broken Down,Alicia Keys,hip pop,2010,93,37,48,-8,12,14,216,74,3,76,3.6,-4.21264850067354,1.2199311046343513,1
Only Girl (In The World),Rihanna,barbadian pop,2010,126,72,79,-4,7,61,235,13,4,73,3.9166666666666665,0.792830124677195,0.9489601815031706,0
Club Can't Handle Me (feat. David Guetta),Flo Rida,dance pop,2010,128,87,62,-4,6,47,235,3,3,73,3.9166666666666665,0.8097356359662901,-0.04403151614101094,0
Marry You,Bruno Mars,pop,2010,145,83,62,-5,10,48,230,33,4,73,3.8333333333333335,-0.07314313397042328,-0.10168316302011754,0
Cooler Than Me - Single Mix,Mike Posner,dance pop,2010,130,82,77,-5,70,63,213,18,5,73,3.55,1.3899485569653143,-1.1418490847572307,3
Telephone,Lady Gaga,dance pop,2010,122,83,83,-6,11,71,221,1,4,73,3.683333333333333,1.2581209022324051,1.1024535159998443,0
Like A G6,Far East Movement,dance pop,2010,125,84,44,-8,12,78,217,1,45,72,3.6166666666666663,0.40272240413005367,-1.7237149414728226,3
OMG (feat. will.i.am),Usher,atl hip hop,2010,130,75,78,-6,36,33,269,20,3,72,4.483333333333333,-0.34412905173038855,-0.6209993597209643,2
Eenie Meenie,Sean Kingston,dance pop,2010,121,61,72,-4,11,83,202,5,3,71,3.3666666666666667,1.0887208339151777,1.3061788330880593,0
The Time (Dirty Bit),The Black Eyed Peas,dance pop,2010,128,81,82,-8,60,44,308,7,7,70,5.133333333333334,-0.14150764749248773,-1.8081179808998937,3
Alejandro,Lady Gaga,dance pop,2010,99,80,63,-7,36,37,274,0,5,69,4.566666666666666,-0.3922588981705719,-0.9706265438119418,2
Your Love Is My Drug,Kesha,dance pop,2010,120,61,83,-4,9,76,187,1,10,69,3.1166666666666667,1.4272795256233923,1.5004286410982604,0
Meet Me Halfway,The Black Eyed Peas,dance pop,2010,130,63,80,-7,32,40,284,0,7,68,4.733333333333333,-0.4970357247518092,-0.6592885345532751,2
Whataya Want from Me,Adam Lambert,australian pop,2010,186,68,44,-5,6,45,227,1,5,66,3.783333333333333,-0.2773089957640341,-1.4634825282720434,2
Take It Off,Kesha,dance pop,2010,125,68,73,-5,9,74,215,0,3,66,3.583333333333333,0.9090447883258133,0.9073983809667794,0
Misery,Maroon 5,pop,2010,103,81,70,-5,22,73,216,0,4,65,3.6,1.2926431684417805,0.44701006768790696,0
All The Right Moves,OneRepublic,dance pop,2010,146,95,53,-4,28,65,238,26,5,65,3.966666666666667,0.9482912280729259,-1.4398300330960345,3
Animal,Neon Trees,indie pop,2010,148,83,48,-6,38,74,212,0,4,65,3.533333333333333,0.8618565777531386,-1.5003716680778292,3
Naturally,Selena Gomez & The Scene,dance pop,2010,133,90,61,-5,5,88,203,2,5,64,3.3833333333333333,1.6560932459253914,0.31685871368714225,0
I Like It,Enrique Iglesias,dance pop,2010,129,94,65,-3,6,73,231,2,9,63,3.85,1.9757113386256369,-0.27819813133531446,0
Teenage Dream,Katy Perry,dance pop,2010,120,80,72,-5,13,59,228,2,4,63,3.8,0.8863966334373565,0.26014394674832997,0
California Gurls,Katy Perry,dance pop,2010,125,75,79,-4,18,40,235,0,5,62,3.9166666666666665,0.8402981622921327,-0.05841093792577647,0
3,Britney Spears,dance pop,2010,135,71,70,-2,14,79,213,5,5,62,3.55,1.8246454849707034,0.22322950915906928,0
My First Kiss - feat. Ke$ha,3OH!3,dance pop,2010,138,89,68,-4,36,83,192,1,8,62,3.2,2.325786564431645,-0.6955486990005129,3
Blah Blah Blah (feat. 3OH!3),Kesha,dance pop,2010,120,84,75,-3,42,52,172,8,12,62,2.8666666666666667,2.0137166111867693,-0.5599750524142774,3
Imma Be,The Black Eyed Peas,dance pop,2010,92,52,60,-7,31,41,258,18,37,62,4.3,-1.329120345643273,-1.430994357391164,3
Try Sleeping with a Broken Heart,Alicia Keys,hip pop,2010,111,82,50,-5,13,55,249,16,11,62,4.15,-0.01291952244071848,-0.8238813557413017,2
Sexy Bitch (feat. Akon),David Guetta,dance pop,2010,130,63,81,-5,13,80,196,8,5,61,3.2666666666666666,1.0634258495588371,1.1582039755055706,0
Bound To You - Burlesque Original Motion Picture Soundtrack,Christina Aguilera,dance pop,2010,164,41,29,-5,13,7,264,83,3,61,4.4,-4.172892135892472,-1.6560804322455718,1
If I Had You,Adam Lambert,australian pop,2010,131,91,65,-4,37,79,228,1,11,59,3.8,2.031962740729594,-1.333183213752491,3
Rock That Body,The Black Eyed Peas,dance pop,2010,125,91,72,-6,43,84,269,2,10,59,4.483333333333333,1.4975700824082259,-1.405351594615058,3
Dog Days Are Over,Florence + The Machine,art pop,2010,150,81,50,-5,12,26,253,3,9,58,4.216666666666667,-0.2995770638990337,-1.8556807483275592,2
Something's Got A Hold On Me - Burlesque Original Motion Picture Soundtrack,Christina Aguilera,dance pop,2010,150,85,51,-4,12,72,185,47,27,58,3.083333333333333,0.6986774670164174,-1.1503408602411336,3
Doesn't Mean Anything,Alicia Keys,hip pop,2010,104,41,71,-7,10,10,273,4,3,57,4.55,-2.280503337573731,0.22761507993020275,2
Hard,Rihanna,barbadian pop,2010,182,75,31,-4,65,16,251,1,11,57,4.183333333333334,-0.2944647794877315,-4.9408341233531905,3
Loca,Shakira,colombian pop,2010,112,87,80,-4,9,85,193,19,7,56,3.216666666666667,1.9149330426207642,1.0995872604428678,0
You Lost Me,Christina Aguilera,dance pop,2010,43,39,23,-6,14,7,257,85,4,56,4.283333333333333,-4.909841412286662,0.05283944047755065,1
Not Myself Tonight,Christina Aguilera,dance pop,2010,120,81,76,-5,56,54,186,0,4,55,3.1,1.5566850131804144,-0.886434254296258,3
Written in the Stars (feat. Eric Turner),Tinie Tempah,dance pop,2010,91,95,64,-4,18,57,220,6,7,52,3.6666666666666665,1.3787056919045126,-0.281675731428025,0
DJ Got Us Fallin' In Love (feat. Pitbull),Usher,atl hip hop,2010,120,86,66,-3,8,65,221,3,11,52,3.683333333333333,1.6376958447379217,-0.36058948043509736,0
Castle Walls (feat. Christina Aguilera),T.I.,atl hip hop,2010,80,86,45,-5,26,58,329,7,39,49,5.483333333333333,0.01059079540394842,-3.194490806621866,3
Break Your Heart,Taio Cruz,dance pop,2010,122,90,67,-5,8,63,186,0,3,33,3.1,1.4305889238279954,-0.16943364566626679,0
Hello,Martin Solveig,big room,2010,128,98,67,-3,10,45,191,1,3,0,3.183333333333333,1.843567029665442,-1.5677067870170132,0
A Thousand Years,Christina Perri,dance pop,2011,139,41,42,-7,11,16,285,31,3,81,4.75,-3.3662067998346012,-0.6560760704818884,1
Someone Like You,Adele,british soul,2011,135,33,56,-8,10,28,285,89,3,80,4.75,-4.550520495007834,0.6166034516412356,1
Give Me Everything,Pitbull,dance pop,2011,129,94,67,-3,30,53,252,19,16,79,4.2,1.4034574707083083,-1.1793563622668928,3
Rolling in the Deep,Adele,british soul,2011,105,76,73,-5,5,52,228,13,3,76,3.8,0.31369649611746747,1.219136631588328,0
Run the World (Girls),BeyoncÃ©,dance pop,2011,127,90,73,-4,37,76,236,0,14,76,3.933333333333333,2.1160208453556826,-0.8017403035304764,3
Moves Like Jagger - Studio Recording From The Voice Performance,Maroon 5,pop,2011,128,76,72,-4,32,62,201,1,5,76,3.35,1.4545614884295415,0.077157586393088,0
Love On Top,BeyoncÃ©,dance pop,2011,94,75,65,-5,60,65,267,8,9,76,4.45,0.662324931146706,-1.2061170112666897,3
Grenade,Bruno Mars,pop,2011,110,56,71,-7,12,23,223,15,6,75,3.716666666666667,-1.391211375193375,0.8621078009667049,2
Tonight Tonight,Hot Chelle Rae,dance pop,2011,100,78,69,-5,16,81,200,8,12,75,3.333333333333333,1.2846384084011802,0.9380165265520259,0
What the Hell,Avril Lavigne,canadian pop,2011,150,93,58,-4,14,88,221,0,5,74,3.683333333333333,1.9908140001089059,-0.40489447918780846,0
Born This Way,Lady Gaga,dance pop,2011,124,83,59,-5,33,49,260,0,16,73,4.333333333333333,0.6036578665986329,-1.6147705844759392,3
Monster,Kanye West,chicago rap,2011,125,69,63,-6,67,10,379,0,20,73,6.316666666666666,-1.2342561584203917,-4.090564963257137,3
Best Thing I Never Had,BeyoncÃ©,dance pop,2011,99,65,55,-4,9,30,254,14,3,73,4.233333333333333,-0.7842631369194257,0.13075188092274767,2
Party Rock Anthem,LMFAO,dance pop,2011,130,74,75,-4,27,35,262,2,16,72,4.366666666666666,0.588702342237538,-1.0445100615634397,3
We R Who We R,Kesha,dance pop,2011,120,82,74,-5,12,65,205,1,4,72,3.4166666666666665,1.274685959932094,0.8294421672824758,0
Price Tag,Jessie J,australian pop,2011,175,83,64,-4,27,68,223,3,18,72,3.716666666666667,1.6192665151335575,-1.6279188722516995,3
Good Life,OneRepublic,dance pop,2011,95,69,63,-8,13,65,253,8,5,72,4.216666666666667,-0.6913135920024649,0.6977496720707385,2
Just CanÂt Get Enough,The Black Eyed Peas,dance pop,2011,94,63,66,-9,11,26,219,19,18,71,3.65,-1.752405295442615,0.5153799290906517,2
On The Floor,Jennifer Lopez,dance pop,2011,130,78,73,-5,7,57,285,11,5,69,4.75,0.244517831863747,-0.048986630509352376,0
What's My Name?,Rihanna,barbadian pop,2011,100,79,69,-3,8,58,263,23,7,69,4.383333333333334,0.5859539684518549,0.38923477885002994,0
Yeah 3x,Chris Brown,dance pop,2011,130,88,71,-3,9,70,242,0,4,69,4.033333333333333,1.8152418188113617,0.08493405003141076,0
Without You (feat. Usher),David Guetta,dance pop,2011,128,61,61,-4,16,40,208,23,3,68,3.466666666666667,-0.3520817967780815,0.20329701430491973,2
Sexy And I Know It,LMFAO,dance pop,2011,130,86,71,-4,19,80,199,10,32,67,3.316666666666667,2.0726941716628144,-0.6848284409898565,3
The Edge Of Glory,Lady Gaga,dance pop,2011,128,77,58,-6,11,36,321,0,4,67,5.35,-0.7918642075536307,-1.2669560233294483,2
E.T.,Katy Perry,dance pop,2011,152,87,62,-5,37,76,230,2,18,66,3.8333333333333335,1.5890796653377668,-1.809006020338912,3
Till the World Ends,Britney Spears,dance pop,2011,132,71,69,-6,20,45,238,2,7,65,3.966666666666667,0.034881955971303,-0.3943887058048596,2
I Wanna Go,Britney Spears,dance pop,2011,130,55,70,-7,33,79,210,0,4,64,3.5,0.22298630419136226,0.2348424429129827,0
Blow,Kesha,dance pop,2011,120,73,75,-4,7,81,220,0,4,64,3.6666666666666665,1.4684278718662014,0.9364533992991617,0
You And I,Lady Gaga,dance pop,2011,127,70,52,-5,9,52,307,9,5,64,5.116666666666666,-0.6843837899109204,-1.0750795493850054,2
Judas,Lady Gaga,dance pop,2011,131,93,66,-4,27,53,249,0,7,63,4.15,1.389087208361446,-1.231726542044348,3
Tonight (I'm Fuckin' You),Enrique Iglesias,dance pop,2011,126,89,65,-4,12,32,232,3,5,63,3.8666666666666663,0.7289893081801576,-0.5786394111235514,0
Please Don't Go,Mike Posner,dance pop,2011,120,88,70,-4,13,66,197,0,3,63,3.283333333333333,1.7315022441906815,0.4237760858991929,0
We Found Love,Rihanna,barbadian pop,2011,128,77,73,-4,11,60,215,3,4,61,3.583333333333333,1.1639067884213656,0.32787515891958735,0
Marry The Night,Lady Gaga,dance pop,2011,131,88,61,-4,46,38,265,0,6,61,4.416666666666667,0.8591847276570356,-2.2817589286279056,3
1+1,BeyoncÃ©,dance pop,2011,63,38,30,-7,7,26,274,38,3,60,4.566666666666666,-3.834949604549629,0.0889933792955047,1
Hold It Against Me,Britney Spears,dance pop,2011,133,72,65,-5,24,39,229,1,4,59,3.816666666666667,0.20947668789271126,-0.7541791684705381,2
I'm Into You,Jennifer Lopez,dance pop,2011,84,75,59,-4,8,70,200,2,14,59,3.333333333333333,1.0491552110269273,0.495548815240813,0
Papi,Jennifer Lopez,dance pop,2011,120,81,71,-5,37,89,223,13,6,58,3.716666666666667,1.4872216225391932,-0.3426126346113018,3
Cheers (Drink To That),Rihanna,barbadian pop,2011,80,91,58,-4,29,73,262,2,4,58,4.366666666666666,1.271797537240204,-0.6367905163048868,0
S&M Remix,Rihanna,barbadian pop,2011,128,81,82,-3,5,89,257,5,5,54,4.283333333333333,1.9809134418398724,0.4231838519391497,0
Jar of Hearts,Christina Perri,dance pop,2011,75,35,35,-6,12,9,247,73,3,50,4.116666666666666,-4.3640542079365074,0.006591634285075665,1
Turning Page,Sleeping At Last,acoustic pop,2011,125,38,30,-8,11,19,255,91,3,46,4.25,-5.034351330430801,-0.8269519495675789,1
Super Bass,Nicki Minaj,dance pop,2011,127,74,77,-7,40,59,201,6,23,38,3.35,0.7539863446177434,-1.4168723142618742,3
Raise Your Glass,P!nk,dance pop,2011,122,64,68,-7,12,56,208,0,12,38,3.466666666666667,-0.0836469528577471,-0.2911775765082828,2
Invading My Mind,Jennifer Lopez,dance pop,2011,129,88,73,-4,32,69,201,2,7,31,3.35,1.989891277291017,-1.16057865263376,3
Moment 4 Life - Album Version (Edited),Nicki Minaj,dance pop,2011,130,88,50,-4,22,37,279,39,38,28,4.65,-0.21822725410970759,-3.7264249204678848,3
Last Friday Night (T.G.I.F.),Katy Perry,dance pop,2011,126,81,65,-4,67,72,231,0,4,27,3.85,1.7275149861071122,-2.7049889703119936,3
Firework,Katy Perry,dance pop,2011,124,83,64,-5,11,65,228,14,5,25,3.8,0.6625352369124905,-0.8588162086095326,0
Muny - Album Version (Edited),Nicki Minaj,dance pop,2011,98,72,80,-5,19,53,227,56,33,7,3.783333333333333,-0.1712248321539355,-1.2948660526622937,3
Titanium (feat. Sia),David Guetta,dance pop,2012,126,79,60,-4,13,30,245,7,10,80,4.083333333333333,0.143596734657422,-0.5368444727163497,2
Locked Out of Heaven,Bruno Mars,pop,2012,144,70,73,-4,31,87,233,5,4,79,3.883333333333333,1.504273931370715,0.05995944419354608,0
Paradise,Coldplay,permanent wave,2012,140,59,45,-7,8,20,279,5,3,79,4.65,-2.0858099214161943,-0.878017072480784,2
Payphone,Maroon 5,pop,2012,110,75,74,-5,29,55,231,2,4,79,3.85,0.7793453281304269,0.34727708005274593,0
What Makes You Beautiful,One Direction,boy band,2012,125,79,73,-2,6,89,200,1,7,78,3.333333333333333,2.446490203561187,1.141345495540646,0
I Knew You Were Trouble.,Taylor Swift,pop,2012,77,47,62,-7,3,68,220,0,4,77,3.6666666666666665,-0.8531985556744679,2.025830206210298,2
Call Me Maybe,Carly Rae Jepsen,canadian pop,2012,120,58,78,-7,11,66,193,1,4,76,3.216666666666667,0.1460394585453337,1.6848320526268474,0
Love You Like A Love Song,Selena Gomez & The Scene,dance pop,2012,117,68,86,-4,7,92,188,8,5,76,3.1333333333333333,1.8163137386790016,2.1775853436650348,0
Set Fire to the Rain,Adele,british soul,2012,108,68,61,-4,13,47,242,0,3,76,4.033333333333333,0.19839355164174466,0.27934087006807995,2
We Are Never Ever Getting Back Together,Taylor Swift,pop,2012,86,68,63,-6,12,75,193,1,9,75,3.216666666666667,0.5381213742329473,1.3584883398815442,0
Stronger (What Doesn't Kill You),Kelly Clarkson,dance pop,2012,116,94,56,-4,11,68,222,5,5,74,3.7,1.3758583327679894,-0.02301578206116888,0
Try,P!nk,dance pop,2012,104,63,67,-7,9,55,248,0,3,74,4.133333333333334,-0.5508646416039201,0.878972809503144,2
Starships,Nicki Minaj,dance pop,2012,125,72,75,-2,25,75,211,14,8,73,3.5166666666666666,1.8130675281055177,0.36968132211628496,0
One More Night,Maroon 5,pop,2012,93,82,72,-3,8,62,220,6,3,73,3.6666666666666665,1.402238537560195,1.1505994199502565,0
Good Time,Owl City,pop,2012,126,87,56,-4,37,68,206,2,14,73,3.433333333333333,1.620530812479625,-1.1717708241690796,3
Glad You Came,The Wanted,boy band,2012,127,85,72,-4,11,45,198,3,6,72,3.3,1.2347310077405038,0.38824995994093797,0
Beauty And A Beat,Justin Bieber,canadian pop,2012,128,84,60,-5,7,53,228,0,6,72,3.8,0.6569974967579034,-0.08217833513844053,0
International Love,Pitbull,dance pop,2012,120,86,67,-3,34,65,227,1,5,72,3.783333333333333,1.8182692359199106,-0.5542647542535264,0
Some Nights,fun.,baroque pop,2012,108,74,67,-7,9,39,277,2,5,72,4.616666666666666,-0.7049899654215174,0.086941165403441,2
Boyfriend,Justin Bieber,canadian pop,2012,97,55,72,-6,13,33,171,4,5,71,2.85,-0.41445532139930835,1.5185271050565683,2
Part Of Me,Katy Perry,dance pop,2012,130,92,68,-5,7,77,216,0,4,71,3.6,1.627676656063113,0.45982395959235084,0
Domino,Jessie J,australian pop,2012,127,55,76,-5,4,78,232,1,3,69,3.8666666666666663,0.4730090196127866,1.2942906151211802,0
Where Have You Been,Rihanna,barbadian pop,2012,128,85,72,-6,22,44,243,0,9,68,4.05,0.5706642364361337,-0.5833972246200136,2
Wide Awake,Katy Perry,dance pop,2012,160,68,51,-5,39,57,221,7,4,68,3.683333333333333,0.2188115969847579,-1.5852820203659037,3
The One That Got Away,Katy Perry,dance pop,2012,134,80,69,-4,16,88,227,0,4,67,3.783333333333333,1.7523122376715623,0.17442647587166696,0
Dance Again,Jennifer Lopez,dance pop,2012,128,86,79,-5,10,71,237,2,7,66,3.95,1.4392593708354573,0.37462705865922685,0
Turn Up the Music,Chris Brown,dance pop,2012,130,84,59,-6,16,64,228,0,10,65,3.8,0.6895122482663671,-0.6062219303139149,0
Lights - Single Version,Ellie Goulding,dance pop,2012,120,80,68,-6,13,78,211,3,4,65,3.5166666666666666,0.9842312747396631,0.589053144918215,0
We Are Young (feat. Janelle MonÃ¡e),fun.,baroque pop,2012,184,64,38,-6,8,74,251,2,8,63,4.183333333333334,-0.3852410318109433,-1.7130290171084357,2
Diamonds,Rihanna,barbadian pop,2012,92,71,56,-5,11,39,225,0,5,61,3.75,-0.1726751093962986,0.08223561316312143,2
Don't Stop the Party (feat. TJR),Pitbull,dance pop,2012,127,96,72,-4,38,95,206,1,9,59,3.433333333333333,2.785134369227545,-0.6770017132364966,3
You Da One,Rihanna,barbadian pop,2012,127,72,70,-5,13,86,200,50,4,57,3.333333333333333,0.31002500078663703,0.960394954781278,0
Stereo Hearts (feat. Adam Levine),Gym Class Heroes,dance pop,2012,90,80,65,-3,27,80,211,3,10,54,3.5166666666666666,1.8447424464509834,-0.11257218528690253,0
It Will Rain,Bruno Mars,pop,2012,150,84,58,-7,8,48,258,34,5,38,4.3,-0.8688593461569196,-1.31869486190367,2
Blow Me (One Last Kiss),P!nk,dance pop,2012,114,92,60,-3,25,75,256,0,4,0,4.266666666666667,1.7708032467218924,-2.3685706597672453,3
Underneath the Tree,Kelly Clarkson,dance pop,2013,160,81,51,-5,21,69,230,0,5,88,3.8333333333333335,0.8313189895282931,-0.7599769477810451,0
Wake Me Up,Avicii,big room,2013,124,78,53,-6,16,64,247,0,5,85,4.116666666666666,0.18293046048999279,-0.1439967966306921,2
Story of My Life,One Direction,boy band,2013,121,66,60,-6,12,29,245,23,5,81,4.083333333333333,-1.2236277934777944,0.1904684096267332,2
Just Give Me a Reason (feat. Nate Ruess),P!nk,dance pop,2013,95,55,78,-7,13,44,243,35,5,81,4.05,-1.4302604506026895,1.6741557360199573,2
Hall of Fame,The Script,celtic rock,2013,85,87,42,-4,12,63,203,7,6,80,3.3833333333333333,0.7559810971299702,0.32020707863438824,0
Roar,Katy Perry,dance pop,2013,180,77,55,-5,35,46,224,0,4,78,3.733333333333333,0.5315476200679412,-1.7267853232037154,3
We Can't Stop,Miley Cyrus,dance pop,2013,80,62,61,-6,37,48,231,1,3,78,3.85,-0.33879200381884217,0.2942832800518561,2
Don't You Worry Child - Radio Edit,Swedish House Mafia,big room,2013,129,84,61,-3,12,44,213,11,5,78,3.55,0.9422883754616967,-0.008515799946033204,0
Get Lucky (feat. Pharrell Williams & Nile Rodgers) - Radio Edit,Daft Punk,electro,2013,116,81,79,-9,10,86,248,4,4,77,4.133333333333334,0.3366340159816263,1.2741340098606737,0
Wrecking Ball,Miley Cyrus,dance pop,2013,120,42,53,-6,11,35,221,41,3,77,3.683333333333333,-2.2902571826663167,0.771471112348766,1
Impossible,James Arthur,pop,2013,170,70,38,-5,11,30,209,14,9,77,3.4833333333333334,-0.7551886967534963,-1.3816880152332915,2
Blurred Lines,Robin Thicke,dance pop,2013,120,60,85,-5,8,84,264,0,4,76,4.4,0.7995656992512556,1.3779095053868284,0
Heart Attack,Demi Lovato,dance pop,2013,174,79,50,-5,24,50,211,7,10,76,3.5166666666666666,0.45028429157618927,-1.5249168076849562,3
Die Young,Kesha,dance pop,2013,128,70,71,-5,22,80,212,0,5,75,3.533333333333333,1.1919979208057179,0.5592595081550344,0
Clarity,Zedd,complextro,2013,128,78,51,-3,7,18,271,4,7,75,4.516666666666667,-0.23485850387010712,-1.1215844055747854,2
Summertime Sadness (Lana Del Rey Vs. Cedric Gervais) - Cedric Gervais Remix,Lana Del Rey,art pop,2013,126,81,57,-6,13,11,215,2,6,74,3.583333333333333,-0.5063154720205887,-0.5023547388860733,2
Under Control,Calvin Harris,dance pop,2013,126,92,54,-3,12,51,184,13,8,74,3.066666666666667,1.3380153045816003,-0.16063882413833633,0
Everybody Talks,Neon Trees,indie pop,2013,155,92,47,-4,31,73,177,0,6,74,2.95,1.8490354611322974,-1.1731908749989246,3
"Hold On, We're Going Home",Drake,canadian hip hop,2013,100,41,77,-7,7,29,228,0,10,73,3.8,-1.3719515528432729,1.3261536339615976,2
Best Song Ever,One Direction,boy band,2013,118,88,65,-3,8,49,200,2,5,73,3.333333333333333,1.4700601826600599,0.37347764295839586,0
Kiss You,One Direction,boy band,2013,90,93,63,-3,32,91,183,2,6,73,3.05,2.6390308892616594,0.4460452385679623,0
Sweet Nothing (feat. Florence Welch),Calvin Harris,dance pop,2013,128,93,57,-4,6,58,213,20,11,72,3.55,0.9630093387294834,-0.1826072205408407,0
Lose Yourself to Dance,Daft Punk,electro,2013,100,66,83,-8,8,67,354,8,6,72,5.9,-0.9520068203616607,0.5056607427563518,2
Work Bitch,Britney Spears,dance pop,2013,128,82,63,-7,7,85,248,16,16,71,4.133333333333334,0.3796516734113319,-0.00836336013389128,0
Brave,Sara Bareilles,acoustic pop,2013,185,84,55,-4,4,76,221,1,5,71,3.683333333333333,1.3817843537126555,-0.7918713925521589,0
Can't Hold Us (feat. Ray Dalton),Macklemore & Ryan Lewis,dance pop,2013,146,93,63,-4,10,88,258,3,8,70,4.3,1.793137373360754,-0.5887185353865366,0
Feel This Moment (feat. Christina Aguilera),Pitbull,dance pop,2013,136,76,67,-4,34,54,230,4,16,70,3.8333333333333335,1.069341635743204,-1.201325586260181,3
Beneath Your Beautiful,Labrinth,pop,2013,84,52,56,-6,10,23,272,23,4,70,4.533333333333333,-2.1707768164934373,0.37165650295308017,2
Let Me Love You (Until You Learn To Love Yourself),Ne-Yo,dance pop,2013,125,68,66,-7,37,25,252,25,4,70,4.2,-1.2582604958493908,-0.799178293459938,2
Thrift Shop (feat. Wanz),Macklemore & Ryan Lewis,dance pop,2013,95,53,78,-7,5,66,236,6,29,69,3.933333333333333,-0.2772690380163168,0.8515030068637812,0
If I Lose Myself - Alesso vs OneRepublic,OneRepublic,dance pop,2013,126,75,52,-6,14,16,215,26,4,69,3.583333333333333,-1.2237240210143494,-0.4346575885268834,2
The Way,Ariana Grande,dance pop,2013,82,88,65,-3,8,86,227,29,11,68,3.783333333333333,1.4264501875935942,0.9156281785103025,0
Suit & Tie,Justin Timberlake,dance pop,2013,102,60,80,-4,16,36,326,10,22,68,5.433333333333334,-0.401653863813591,-0.7325726328260228,2
#thatPOWER,will.i.am,dance pop,2013,128,61,80,-6,7,40,280,0,6,68,4.666666666666667,-0.47831494226968146,0.2621575150612249,2
I Love It (feat. Charli XCX),Icona Pop,candy pop,2013,126,91,71,-3,15,82,157,1,3,67,2.6166666666666667,2.693730140140466,0.8652452475851171,0
Play Hard (feat. Ne-Yo & Akon) - New Edit,David Guetta,dance pop,2013,130,87,72,-3,66,68,209,4,4,67,3.4833333333333334,2.3402218675935598,-1.469998825566408,3
Daylight,Maroon 5,pop,2013,120,67,66,-5,26,37,225,0,3,66,3.75,0.05580357176748715,-0.28385554432643445,2
Love Somebody,Maroon 5,pop,2013,120,78,68,-6,12,40,230,13,4,65,3.8333333333333335,-0.15244179856230206,0.1452935035592407,2
A Little Party Never Killed Nobody (All We Got),Fergie,dance pop,2013,130,62,76,-6,9,52,241,1,18,65,4.016666666666667,0.04939179756099921,-0.0035630738310199533,2
Move,Little Mix,dance pop,2013,121,74,85,-5,55,77,224,0,9,63,3.733333333333333,1.7822880279553215,-0.5890150352031008,3
Walks Like Rihanna,The Wanted,boy band,2013,126,82,56,-3,10,43,202,1,6,62,3.3666666666666667,1.0020757661586026,-0.4324199996486603,0
Rock N Roll,Avril Lavigne,canadian pop,2013,184,96,47,-3,34,67,207,1,13,61,3.45,2.0687188745212404,-2.7769266085080795,3
Heartbreaker,Justin Bieber,canadian pop,2013,105,52,56,-7,34,58,263,14,10,61,4.383333333333334,-1.2272593527148064,-0.7739699143740258,2
Mirrors - Radio Edit,Justin Timberlake,dance pop,2013,77,60,58,-6,43,65,277,14,5,60,4.616666666666666,-0.6499538290272879,-0.6212764852798504,2
Next To Me,Emeli SandÃ©,dance pop,2013,95,80,67,-5,11,35,197,9,4,60,3.283333333333333,0.28369249316478623,0.5928077178476971,0
Made In The USA,Demi Lovato,dance pop,2013,87,86,58,-4,32,59,196,0,4,60,3.2666666666666666,1.3407692573160637,-0.23296261481479832,0
Clown,Emeli SandÃ©,dance pop,2013,130,23,45,-8,11,23,221,92,4,60,3.683333333333333,-4.877058376996934,0.5196443390863653,1
Girl On Fire (feat. Nicki Minaj) - Inferno Version,Alicia Keys,hip pop,2013,93,81,55,-6,15,34,271,9,31,59,4.516666666666667,-0.45011201131522227,-1.6851172536697796,3
TKO,Justin Timberlake,dance pop,2013,138,68,61,-7,43,49,424,1,24,58,7.066666666666666,-1.255021572234675,-4.055481153288092,3
Come & Get It,Selena Gomez,dance pop,2013,80,79,55,-4,10,58,232,1,5,57,3.8666666666666663,0.596059176313738,0.1432737787946416,0
Live It Up,Jennifer Lopez,dance pop,2013,128,73,69,-5,33,65,244,1,17,57,4.066666666666666,0.9164031496096683,-1.2729035900987364,3
We Own The Night,The Wanted,boy band,2013,104,94,55,-4,23,56,206,1,13,56,3.433333333333333,1.4369930943326106,-0.9943478872075885,3
Atlas - From ÂThe Hunger Games: Catching FireÂ Soundtrack,Coldplay,permanent wave,2013,136,45,28,-8,11,11,236,63,3,55,3.933333333333333,-4.283062254309957,-1.0622381654617454,1
What About Love,Austin Mahone,dance pop,2013,100,78,63,-7,4,28,203,0,4,54,3.3833333333333333,-0.439686414149728,0.3919045515771527,2
Take Back the Night,Justin Timberlake,dance pop,2013,107,66,59,-5,64,33,353,4,16,54,5.883333333333334,-0.7328324763748038,-3.621579184757536,3
Applause,Lady Gaga,dance pop,2013,140,78,67,-4,11,73,212,3,5,52,3.533333333333333,1.3649946929780536,-0.1774986505444141,0
Anything Could Happen,Ellie Goulding,dance pop,2013,103,78,70,-4,14,38,286,43,3,52,4.766666666666667,-0.6227511973641867,-0.3028224213318738,2
Finally Found You,Enrique Iglesias,dance pop,2013,128,88,62,-5,35,66,221,1,10,52,3.683333333333333,1.3582237236387937,-1.423543819412028,3
Pom Poms,Jonas Brothers,boy band,2013,148,98,68,-2,28,90,198,7,9,52,3.3,3.0922052763092767,-1.04414174682583,3
#Beautiful,Mariah Carey,dance pop,2013,107,76,68,-5,31,45,200,29,4,51,3.333333333333333,0.12284299687151037,-0.1648273597753374,0
How Ya Doin'? (feat. Missy Elliott),Little Mix,dance pop,2013,201,95,36,-3,37,51,211,9,48,50,3.5166666666666666,1.6563953261551985,-5.260988822501017,3
Crazy Kids (feat. will.i.am),Kesha,dance pop,2013,128,75,72,-4,13,50,229,4,4,46,3.816666666666667,0.7846966686785629,-0.33620579488010893,0
"Ooh La La (from ""The Smurfs 2"")",Britney Spears,dance pop,2013,128,57,69,-5,11,73,257,2,5,45,4.283333333333333,0.1694294519863453,-0.16856808965037598,0
People Like Us,Kelly Clarkson,dance pop,2013,128,79,60,-5,36,61,259,4,4,45,4.316666666666666,0.5734431187394671,-1.7330893285780133,3
Overdose,Ciara,dance pop,2013,107,70,77,-6,6,79,227,1,3,43,3.783333333333333,0.7268270271468978,0.8419526059102855,0
Right Now - Dyro Radio Edit,Rihanna,barbadian pop,2013,130,74,53,-6,24,45,186,0,4,42,3.1,0.13134674006062827,-1.0311333635644802,2
Give It 2 U,Robin Thicke,dance pop,2013,127,83,67,-4,16,58,230,10,7,41,3.8333333333333335,1.0001899815810105,-0.8314880376994935,0
Foolish Games,Jewel,alaska indie,2013,132,34,51,-11,12,7,250,23,3,36,4.166666666666667,-4.260211346888284,-0.8510615058849841,1
Outta Nowhere (feat. Danny Mercer),Pitbull,dance pop,2013,95,84,71,-4,21,66,207,16,3,35,3.45,1.2285646516820241,0.002604934979689728,0
Freak,Kelly Rowland,atl hip hop,2013,104,78,65,-5,12,45,274,13,6,28,4.566666666666666,-0.16625150230268929,-1.0943317619545303,2
All of Me,John Legend,neo mellow,2014,120,26,42,-7,13,33,270,92,3,86,4.5,-4.7108220377154515,0.6974679266342236,1
Stay With Me,Sam Smith,pop,2014,84,42,42,-6,11,18,173,59,4,85,2.8833333333333333,-3.012204791593383,1.5526432719112102,1
Summer,Calvin Harris,dance pop,2014,128,86,60,-4,14,74,223,2,3,80,3.716666666666667,1.416556366788374,0.1942394326841385,0
"Happy - From ""Despicable Me 2""",Pharrell Williams,dance pop,2014,160,82,65,-5,9,96,233,22,18,79,3.883333333333333,1.2560634415737568,-0.1955025431372706,0
Rude,MAGIC!,pop,2014,144,76,77,-5,31,93,225,4,4,79,3.75,1.7107787010240643,0.289055046806193,0
Shake It Off,Taylor Swift,pop,2014,160,80,65,-5,33,94,219,6,17,78,3.65,1.7501693994381213,-0.9460834850265736,3
Dark Horse,Katy Perry,dance pop,2014,132,59,65,-6,17,35,216,0,5,78,3.6,-0.49543403264748226,0.23554671775042502,2
Hey Brother,Avicii,big room,2014,125,78,55,-5,8,46,255,3,4,78,4.25,-0.03683759732691012,-0.24604468557628076,2
Maps,Maroon 5,pop,2014,120,71,74,-6,6,88,190,2,3,78,3.1666666666666665,1.1189431356989583,1.8177690136971927,0
Treasure,Bruno Mars,pop,2014,116,69,87,-5,32,94,179,4,4,77,2.9833333333333334,1.9675719699701149,1.5742461458114356,0
Let Her Go,Passenger,folk-pop,2014,75,54,51,-7,10,24,253,39,6,77,4.216666666666667,-2.6791700540791905,0.7668298885786788,1
Problem,Ariana Grande,dance pop,2014,103,81,66,-5,16,63,194,2,15,75,3.2333333333333334,1.1592459979965621,0.4557827596503944,0
Pompeii,Bastille,metropopolis,2014,127,72,68,-6,27,57,214,8,4,73,3.566666666666667,0.32426369379064807,0.11468488495840173,0
Team,Lorde,art pop,2014,100,58,69,-7,31,42,193,17,9,73,3.216666666666667,-0.7028751865104184,0.6376321843364364,2
Love Me Again,John Newman,pop,2014,126,89,50,-5,10,21,240,0,4,73,4.0,-0.10702874062534957,-0.9195917921634937,2
Latch,Disclosure,house,2014,122,73,50,-5,9,52,256,2,17,72,4.266666666666667,-0.06726769646337696,-0.9232886216183812,2
Adore You,Miley Cyrus,dance pop,2014,120,66,58,-5,11,20,279,11,3,72,4.65,-1.1764111325349667,-0.5324943109506972,2
Love Never Felt So Good,Michael Jackson,pop,2014,118,72,78,-6,7,71,246,13,4,71,4.1,0.34026861244351037,1.0858145011546492,0
Burn,Ellie Goulding,dance pop,2014,87,78,56,-5,11,33,231,31,4,71,3.85,-0.7584625406356051,0.4387378355760769,2
She Looks So Perfect,5 Seconds of Summer,boy band,2014,160,95,49,-4,33,44,202,0,13,71,3.3666666666666667,1.3592578505182353,-2.181538918754837,3
Fancy,Iggy Azalea,australian hip hop,2014,95,72,91,-4,5,38,200,9,7,70,3.333333333333333,0.8644066635528181,1.8210537173696222,0
Talk Dirty (feat. 2 Chainz),Jason Derulo,dance pop,2014,100,65,76,-7,31,76,178,3,23,68,2.966666666666667,0.8511503434938954,0.5167784005043293,3
Gorilla,Bruno Mars,pop,2014,140,54,72,-7,10,64,244,45,4,68,4.066666666666666,-1.3536727894930303,0.8541175347103815,2
human,Christina Perri,dance pop,2014,144,49,44,-6,11,25,251,13,4,68,4.183333333333334,-2.0150370569417677,-0.8884258844262066,2
Young Girls,Bruno Mars,pop,2014,126,75,56,-5,21,50,229,46,3,67,3.816666666666667,-0.6613067153635495,-0.22780989409294586,2
Wiggle (feat. Snoop Dogg),Jason Derulo,dance pop,2014,82,62,70,-7,16,72,193,8,25,67,3.216666666666667,0.19800565503531287,0.8885175053458164,0
Love Runs Out,OneRepublic,dance pop,2014,120,93,72,-4,8,74,225,17,6,66,3.75,1.5537544118951974,0.4703859239552209,0
This Is How We Do,Katy Perry,dance pop,2014,96,64,69,-6,15,80,204,2,5,66,3.4,0.5622957925251596,1.2536537822707305,0
Mmm Yeah (feat. Pitbull),Austin Mahone,dance pop,2014,126,92,71,-4,27,98,232,0,4,65,3.8666666666666663,2.414619543012109,-0.16837048628291815,0
#SELFIE,The Chainsmokers,electropop,2014,128,92,79,-3,8,66,184,1,25,65,3.066666666666667,2.572955967906925,0.007269500619335637,0
Partition,BeyoncÃ©,dance pop,2014,186,44,41,-12,31,17,319,3,29,65,5.316666666666666,-3.7518612983399295,-3.8200249240666997,2
Birthday,Katy Perry,dance pop,2014,126,67,72,-5,11,84,215,9,7,65,3.583333333333333,0.915723512559175,0.7976658569493666,0
G.U.Y.,Lady Gaga,dance pop,2014,110,92,62,-3,12,57,233,1,4,65,3.883333333333333,1.4975950928090431,-0.19867103633410335,0
Stay The Night - Featuring Hayley Williams Of Paramore,Zedd,complextro,2014,128,74,60,-3,9,46,217,11,4,64,3.6166666666666663,0.571574547082901,-0.09204540972049352,0
"Let It Go - From ""Frozen / Single Version",Demi Lovato,dance pop,2014,140,66,50,-6,27,25,226,3,4,63,3.7666666666666666,-0.8483646494301817,-1.3506121647574634,2
Wings,Birdy,neo mellow,2014,83,71,47,-5,16,22,252,8,3,62,4.2,-1.0456278623520243,-0.5336241269931119,2
Can't Remember to Forget You (feat. Rihanna),Shakira,colombian pop,2014,138,81,69,-4,14,82,207,12,7,62,3.45,1.5676673340692568,0.14981385514856807,0
Shot Me Down (feat. Skylar Grey) - Radio Edit,David Guetta,dance pop,2014,192,77,35,-4,12,4,191,6,5,61,3.183333333333333,-0.53523021620669,-2.405870595697939,2
Say Something,A Great Big World,neo mellow,2014,138,15,45,-9,9,9,229,87,3,61,3.816666666666667,-5.6274024271935525,0.4286678130412976,1
A Sky Full of Stars,Coldplay,permanent wave,2014,125,68,55,-6,21,16,268,1,3,60,4.466666666666667,-1.161929993775855,-1.3235428094328971,2
Come Get It Bae,Pharrell Williams,dance pop,2014,120,80,93,-6,10,90,202,27,8,59,3.3666666666666667,1.3642247650743315,1.6438932624822626,0
Chandelier,Sia,australian dance,2014,174,78,29,-3,7,62,216,2,7,56,3.6,0.6096853737587307,-2.09411568312279,2
XO,BeyoncÃ©,dance pop,2014,170,79,47,-9,31,21,216,17,26,56,3.6,-1.3041082136701732,-2.970421201280033,3
We Are One (Ole Ola) [The Official 2014 FIFA World Cup Song],Pitbull,dance pop,2014,125,94,60,-4,10,55,222,0,7,56,3.7,1.3455963741552743,-0.6743661076883081,0
Not About Angels,Birdy,neo mellow,2014,116,14,41,-10,9,23,190,97,4,56,3.1666666666666665,-5.749071991430966,1.151626936887405,1
Drunk in Love,BeyoncÃ©,dance pop,2014,140,62,59,-7,18,40,323,1,5,52,5.383333333333334,-1.387730767961758,-1.7510336052672315,2
Anaconda,Nicki Minaj,dance pop,2014,130,60,96,-6,21,65,260,7,18,50,4.333333333333333,0.5416340310212174,-0.04880441264563282,3
Boom Clap - From the Motion Picture Das Schicksal ist ein mieser VerrÃ¤ter,Charli XCX,candy pop,2014,92,81,68,-4,34,64,169,7,6,50,2.816666666666667,1.5763856770114952,0.09493989928272052,0
La La La (Brasil 2014) (feat. Carlinhos Brown),Shakira,colombian pop,2014,128,82,80,-5,35,61,198,18,4,50,3.3,1.2226630193176158,-0.23017312918936475,0
Tee Shirt - Soundtrack Version,Birdy,neo mellow,2014,76,34,68,-9,9,56,160,84,3,49,2.6666666666666665,-3.222433532264716,2.7902560507918275,1
Words as Weapons,Birdy,neo mellow,2014,120,35,53,-9,14,19,239,28,3,44,3.983333333333333,-3.4589739680536735,-0.30595924926331747,1
You're Mine (Eternal),Mariah Carey,dance pop,2014,149,58,63,-7,38,56,224,28,7,38,3.733333333333333,-0.848462433019955,-1.4331363204427752,3
Sheezus,Lily Allen,dance pop,2014,130,50,78,-7,11,39,235,15,4,37,3.9166666666666665,-1.1777006615504702,0.11957816395726178,2
Cannonball,Lea Michele,hollywood,2014,92,82,56,-3,19,57,215,2,5,37,3.583333333333333,1.145328436247319,-0.7213470034141164,0
It's On Again - Main Soundtrack,Alicia Keys,hip pop,2014,110,54,64,-9,25,53,230,10,11,30,3.8333333333333335,-1.3745353631185129,-0.7491743314048105,2
I Luh Ya Papi,Jennifer Lopez,dance pop,2014,96,73,74,-6,12,59,207,45,42,28,3.45,-0.047504401450867095,-0.8663486830212697,3
Not a Bad Thing,Justin Timberlake,dance pop,2014,86,73,59,-6,38,46,266,27,6,0,4.433333333333334,-0.7965761712766859,-2.230613071291059,3
Thinking out Loud,Ed Sheeran,pop,2015,79,45,78,-6,18,59,282,47,3,84,4.7,-1.706840229971609,1.8744481214718938,1
I'm Not The Only One,Sam Smith,pop,2015,82,49,68,-6,8,49,239,53,4,84,3.983333333333333,-1.9131321319092565,2.078311295799194,1
The Hills,The Weeknd,canadian contemporary r&b,2015,113,56,58,-7,14,14,242,7,5,84,4.033333333333333,-1.804316619508218,0.21311411497221366,2
Love Yourself,Justin Bieber,canadian pop,2015,100,38,61,-10,28,52,234,84,44,83,3.9,-3.490789521266181,-0.0030395110840680676,1
Uptown Funk,Mark Ronson,dance pop,2015,115,61,86,-7,3,93,270,1,8,82,4.5,0.42258566888975424,1.771610455615571,0
Take Me To Church,Hozier,irish singer-songwriter,2015,129,66,57,-5,12,44,242,63,5,81,4.033333333333333,-1.5207954299550932,0.3857454899262887,1
Sugar,Maroon 5,pop,2015,120,79,75,-7,9,88,235,6,3,81,3.9166666666666665,0.7883999319235234,1.336491720224915,0
Sorry,Justin Bieber,canadian pop,2015,100,76,65,-4,30,41,201,8,5,81,3.35,0.6615112269735679,0.30552048212845256,0
FourFiveSeconds,Rihanna,barbadian pop,2015,206,27,58,-6,13,35,188,88,5,80,3.1333333333333333,-3.1807470174976396,0.38557088957567853,1
"Love Me Like You Do - From ""Fifty Shades Of Grey""",Ellie Goulding,dance pop,2015,190,61,26,-7,13,28,253,25,5,79,4.216666666666667,-2.3733621148731,-2.1265202633558267,2
"Earned It (Fifty Shades Of Grey) - From The ""Fifty Shades Of Grey"" Soundtrack",The Weeknd,canadian contemporary r&b,2015,120,38,66,-6,10,44,252,39,3,79,4.2,-2.1100846661314154,1.1349540405463188,1
What Do You Mean?,Justin Bieber,canadian pop,2015,125,57,85,-8,8,79,206,59,10,79,3.433333333333333,-0.9760982950644148,2.2799390356342943,0
Stitches,Shawn Mendes,canadian pop,2015,150,75,75,-7,5,76,207,2,7,78,3.45,0.7618653135947028,0.9461662214742829,0
Want to Want Me,Jason Derulo,dance pop,2015,114,68,78,-6,11,66,208,1,6,77,3.466666666666667,0.6444617406000124,1.381454512868845,0
My House,Flo Rida,dance pop,2015,94,70,69,-5,13,74,192,2,5,77,3.2,0.9654270047352336,1.533255365563655,0
Waves - Robin Schulz Radio Edit,Mr. Probz,tropical house,2015,120,51,83,-9,8,45,208,1,4,77,3.466666666666667,-1.0255815506713764,1.8182025719554091,2
Night Changes,One Direction,boy band,2015,120,52,67,-8,12,37,227,86,4,77,3.783333333333333,-3.0901814038603588,1.4176367965095111,1
How Deep Is Your Love,Calvin Harris,dance pop,2015,122,87,74,-4,39,34,213,4,7,77,3.55,1.2330007505713267,-0.5941685248134111,3
Never Forget You,Zara Larsson,dance pop,2015,146,73,58,-6,27,28,213,0,5,77,3.55,-0.2093949667236042,-0.841892034840341,2
Love Me Harder,Ariana Grande,dance pop,2015,99,71,47,-4,8,24,236,1,3,76,3.933333333333333,-0.5149872539564971,-0.11054297545821004,2
Animals,Maroon 5,pop,2015,190,74,28,-6,59,33,231,0,9,76,3.85,-0.4933237195731651,-3.965894379112086,3
Blame,Calvin Harris,dance pop,2015,128,86,41,-4,34,35,213,3,8,76,3.55,0.4671174984408777,-1.7095757490125643,3
Worth It,Fifth Harmony,dance pop,2015,100,77,88,-4,12,59,225,6,9,75,3.75,1.3526587687233393,1.3207210979727941,0
Break Free,Ariana Grande,dance pop,2015,130,70,69,-5,20,28,215,1,5,75,3.583333333333333,0.0867535835832877,-0.03506530314552827,2
Don't,Ed Sheeran,pop,2015,95,61,81,-7,64,85,220,1,7,74,3.6666666666666665,0.8900846781177022,0.15417663023211742,3
Elastic Heart,Sia,australian dance,2015,130,79,42,-5,15,50,257,1,5,73,4.283333333333333,-0.12248337982673715,-1.1741415972297828,2
Rather Be (feat. Jess Glynne),Clean Bandit,dance pop,2015,121,59,80,-7,19,55,228,16,4,73,3.8,-0.4569548675357929,1.0356078012174927,2
Hello,Adele,british soul,2015,158,45,48,-6,9,29,295,34,3,73,4.916666666666667,-2.678115382560608,-0.9305659350618978,2
Dear Future Husband,Meghan Trainor,dance pop,2015,79,78,66,-5,32,83,184,38,19,72,3.066666666666667,0.8753156389406984,0.6990015872582882,3
43776,BeyoncÃ©,dance pop,2015,136,71,75,-5,13,56,214,1,13,72,3.566666666666667,0.8363482524223248,0.21477233668525653,0
The Heart Wants What It Wants,Selena Gomez,dance pop,2015,83,79,62,-5,14,62,227,5,4,72,3.783333333333333,0.5496664080067093,0.7695445457964442,0
"Hey Mama (feat. Nicki Minaj, Bebe Rexha & Afrojack)",David Guetta,dance pop,2015,86,73,60,-4,33,53,193,24,15,72,3.216666666666667,0.4811677505358768,0.025698997059007432,3
Genie In a Bottle,Christina Aguilera,dance pop,2015,176,80,63,-7,14,91,218,21,16,72,3.633333333333333,0.6880892527391714,-0.5636676919203398,3
Company,Justin Bieber,canadian pop,2015,95,80,59,-5,8,43,208,13,6,72,3.466666666666667,0.09998048053700545,0.6299698060865321,0
Sing,Ed Sheeran,pop,2015,120,67,82,-4,6,94,235,30,5,71,3.9166666666666665,0.9763581923062215,1.636474742005397,0
Jealous - Remix,Nick Jonas,dance pop,2015,93,71,68,-4,44,45,222,1,8,70,3.7,0.7740590969325414,-0.4618341108981428,3
Really Don't Care,Demi Lovato,dance pop,2015,121,73,71,-4,19,85,202,12,9,70,3.3666666666666667,1.463766138116996,0.643136647110924,0
"Downtown (feat. Melle Mel, Grandmaster Caz, Kool Moe Dee & Eric Nally)",Macklemore & Ryan Lewis,dance pop,2015,110,61,83,-4,29,71,293,9,7,70,4.883333333333334,0.5965925391088707,0.09653370975969719,0
Only Love Can Hurt Like This,Paloma Faith,british soul,2015,91,89,57,-5,33,31,233,10,8,69,3.883333333333333,0.21784971874467562,-0.8811911832652837,2
Heartbeat Song,Kelly Clarkson,dance pop,2015,149,80,49,-4,6,48,199,1,5,69,3.316666666666667,0.641758901659525,-0.5461838436871501,0
Up,Olly Murs,dance pop,2015,115,85,69,-5,10,64,224,2,3,69,3.733333333333333,1.0587221161317437,0.5336405770098115,0
Trumpets,Jason Derulo,dance pop,2015,82,70,63,-5,10,64,217,56,24,69,3.6166666666666663,-0.5227951587535287,0.7443226121779244,0
Runnin' (Lose It All),Naughty Boy,tropical house,2015,139,85,32,-6,48,8,213,1,8,69,3.55,-0.6544972243551861,-3.0119450089739446,2
Same Old Love,Selena Gomez,dance pop,2015,98,59,67,-4,21,44,229,2,3,69,3.816666666666667,0.06599582114799281,0.4626600174641479,2
I Want You To Know,Zedd,complextro,2015,130,85,58,-3,14,37,240,1,6,68,4.0,0.8286644679080671,-0.8990429896991486,0
Lips Are Movin,Meghan Trainor,dance pop,2015,139,83,78,-5,11,95,183,5,5,68,3.05,2.0835475111828026,1.1023778426722248,0
I'll Show You,Justin Bieber,canadian pop,2015,192,61,36,-7,18,8,200,5,10,68,3.333333333333333,-1.6962612909786676,-2.262127384379085,2
Here,Alessia Cara,canadian contemporary r&b,2015,120,82,38,-4,8,33,199,8,10,68,3.316666666666667,0.009985266057695839,-0.8756128162698026,2
I Lived,OneRepublic,dance pop,2015,120,85,59,-5,27,34,235,7,4,67,3.9166666666666665,0.2274227416202195,-0.9245212808533513,2
Fireball (feat. John Ryan),Pitbull,dance pop,2015,123,94,69,-5,5,79,235,9,6,67,3.9166666666666665,1.4322017653211547,0.3694800577836888,0
Easy Love,Sigala,dance pop,2015,124,94,68,-4,12,65,230,18,6,67,3.8333333333333335,1.308213385869693,0.008874827048384423,0
The Feeling,Justin Bieber,canadian pop,2015,127,81,53,-6,10,21,245,8,6,67,4.083333333333333,-0.741605448440783,-0.8740215107650371,2
I Really Like You,Carly Rae Jepsen,canadian pop,2015,122,81,62,-5,22,60,205,1,4,66,3.4166666666666665,0.9515284982573531,-0.12951867822502777,0
BO$$,Fifth Harmony,dance pop,2015,103,87,81,-5,5,74,171,1,11,66,2.85,1.9539546486371724,1.5189205531152496,0
Focus,Ariana Grande,dance pop,2015,100,88,67,-6,44,79,211,27,24,66,3.5166666666666666,1.1181463547970376,-0.8280047342875195,3
All About That Bass,Meghan Trainor,dance pop,2015,134,88,81,-4,11,96,189,5,5,65,3.15,2.5496148132298457,1.042043957687206,0
On My Mind,Ellie Goulding,dance pop,2015,155,71,70,-7,9,74,213,26,5,65,3.55,-0.031522633324591036,0.48054813304267524,0
Love Me Like You,Little Mix,dance pop,2015,106,67,79,-4,28,85,198,21,4,65,3.3,1.2826630599171482,1.1292615989547068,0
Broken Arrows,Avicii,big room,2015,116,67,63,-7,10,29,233,5,5,65,3.883333333333333,-0.973395303739812,0.07802673389066941,2
Booty,Jennifer Lopez,dance pop,2015,129,95,71,-4,26,40,210,0,5,64,3.5,1.5344889528806913,-0.6728339573618626,0
What Do You Mean? - Acoustic,Justin Bieber,canadian pop,2015,125,36,77,-11,10,76,204,79,4,64,3.4,-3.1383008299663406,2.4030398294535815,1
Mark My Words,Justin Bieber,canadian pop,2015,114,26,38,-9,17,52,134,88,3,63,2.2333333333333334,-4.0079562813801015,1.577571166493378,1
Lay It All on Me,Rudimental,dance pop,2015,123,75,67,-7,19,48,242,14,4,62,4.033333333333333,-0.4200584861702791,-0.1767122490111895,2
American Oxygen,Rihanna,barbadian pop,2015,78,75,39,-6,33,48,320,5,9,61,5.333333333333333,-1.0595610055059057,-1.983816524783249,2
Bang Bang,Jessie J,australian pop,2015,150,75,71,-4,38,73,199,27,9,61,3.316666666666667,1.220708700744724,-0.6844480786176926,3
Reality - Radio Edit,Lost Frequencies,belgian edm,2015,122,70,71,-8,7,60,159,2,3,61,2.65,0.14647612646531646,1.3695040306688255,0
Alive,Sia,australian dance,2015,100,76,51,-4,11,44,264,25,5,61,4.4,-0.5065449708043874,-0.49432175812701595,2
Sugar (feat. Francesco Yates),Robin Schulz,dance pop,2015,123,82,64,-5,16,64,219,2,6,60,3.65,0.9694016384650554,-0.20219733430686135,0
Been You,Justin Bieber,canadian pop,2015,113,78,74,-6,32,86,199,2,7,60,3.316666666666667,1.467166108267136,0.2685224703241068,0
Prayer in C - Robin Schulz Radio Edit,Lilly Wood and The Prick,french indie pop,2015,123,89,76,-5,62,78,189,2,3,58,3.15,2.266174249698821,-0.9120018477263785,3
See You Again (feat. Charlie Puth),Wiz Khalifa,hip hop,2015,80,48,69,-8,6,28,230,37,8,56,3.8333333333333335,-2.468231814383356,1.2547279386504913,1
Heroes (we could be),Alesso,big room,2015,126,75,52,-4,24,35,210,4,6,56,3.5,0.2572212620758162,-1.1646209694672751,2
"Feel The Light - From The ""Home"" Soundtrack",Jennifer Lopez,dance pop,2015,156,60,47,-6,9,4,292,33,5,55,4.866666666666666,-2.652925924363133,-1.903395219681692,2
Perfect,One Direction,boy band,2015,100,82,65,-5,12,40,230,6,8,55,3.8333333333333335,0.3051968382469991,-0.1885469573291882,2
Ghosttown,Madonna,dance pop,2015,79,55,54,-7,12,9,250,4,4,54,4.166666666666667,-2.1266826549147995,-0.12978167130244755,2
Bang My Head (feat. Sia & Fetty Wap),David Guetta,dance pop,2015,108,87,60,-4,10,59,193,5,8,54,3.216666666666667,1.2469020973387706,-0.01718545583732309,0
Bloodstream,Ed Sheeran,pop,2015,89,59,48,-6,6,27,309,20,5,52,5.15,-2.239263845056965,-0.7736024818023541,2
Living For Love,Madonna,dance pop,2015,123,79,67,-5,25,39,219,4,9,52,3.65,0.510421851074357,-0.9013905211635382,2
Baby Don't Lie,Gwen Stefani,dance pop,2015,100,55,69,-5,10,26,203,1,3,52,3.3833333333333333,-0.5326822272290616,0.6294128441439476,2
Don't Be so Hard on Yourself,Jess Glynne,dance pop,2015,120,82,57,-3,16,66,211,6,3,52,3.5166666666666666,1.3144407792992547,-0.44031279174180404,0
Steal My Girl,One Direction,boy band,2015,77,76,47,-6,14,52,227,0,4,51,3.783333333333333,-0.26866227135777293,-0.20176687524929335,2
"Celebrate (From the Original Motion Picture ""Penguins of Madagascar"")",Pitbull,dance pop,2015,127,85,68,-3,6,93,193,1,6,50,3.216666666666667,2.369870708041976,0.37144917891566837,0
We Are Here,Alicia Keys,hip pop,2015,93,67,64,-6,8,8,285,43,4,49,4.75,-2.2878992871378476,-0.2978721916523556,2
St Jude,Florence + The Machine,art pop,2015,117,43,26,-11,11,9,225,75,3,47,3.75,-5.457697717287662,-0.6679716984723205,1
Yesterday (feat. Bebe Rexha),David Guetta,dance pop,2015,128,78,57,-4,33,28,243,2,3,46,4.05,0.2101759034192739,-1.9054574255538277,2
Time of Our Lives,Pitbull,dance pop,2015,124,80,72,-6,69,72,229,9,6,45,3.816666666666667,1.181978223207173,-1.9460448111774906,3
Sparks,Hilary Duff,dance pop,2015,122,88,85,-5,10,79,186,4,6,44,3.1,2.0520149726087564,0.7600766023079656,0
Mr. Put It Down,Ricky Martin,dance pop,2015,128,78,80,-6,4,83,196,1,18,42,3.2666666666666666,1.4966958020091352,0.3039724182233085,0
Legendary Lovers,Katy Perry,dance pop,2015,126,84,62,-5,8,39,224,2,8,41,3.733333333333333,0.4291686829224361,-0.9234154959293983,2
Spark The Fire,Gwen Stefani,dance pop,2015,120,80,88,-4,20,54,202,8,6,39,3.3666666666666667,1.5325152707407266,0.13057277950978044,0
Run Run Run,Kelly Clarkson,dance pop,2015,112,37,28,-7,11,8,273,45,4,36,4.55,-4.2496730835109275,-1.6236361743309173,1
Let Me Be Your Lover,Enrique Iglesias,dance pop,2015,112,90,72,-4,6,88,238,1,13,34,3.966666666666667,1.9956552697238024,-0.4230145477505221,0
Dangerous,Jennifer Hudson,dance pop,2015,109,53,90,-5,8,65,255,0,5,18,4.25,0.34611340347261405,0.2989202602434182,0
L.A.LOVE (la la),Fergie,dance pop,2015,202,39,48,-8,26,27,193,2,9,0,3.216666666666667,-1.8623242970032976,-3.239340425714207,2
Cake By The Ocean,DNCE,dance pop,2016,119,75,77,-5,4,90,219,15,5,81,3.65,1.170771127760761,1.7198786319211607,0
Don't Let Me Down,The Chainsmokers,electropop,2016,160,87,53,-5,14,42,208,16,17,81,3.466666666666667,0.4082029368374322,-1.1204589475152864,3
In the Name of Love,Martin Garrix,big room,2016,134,52,50,-6,45,17,196,11,4,81,3.2666666666666666,-1.2987630865819362,-0.9364954037779987,2
Into You,Ariana Grande,dance pop,2016,108,73,62,-6,14,37,244,2,11,80,4.066666666666666,-0.3191183603482734,-0.017019907180488587,2
This Is What You Came For,Calvin Harris,dance pop,2016,124,93,63,-3,15,47,222,20,3,80,3.7,1.088570888448765,0.03713442759064943,0
Million Reasons,Lady Gaga,dance pop,2016,130,42,67,-8,11,15,205,49,4,80,3.4166666666666665,-2.9207276001539975,1.2339522306647033,1
Needed Me,Rihanna,barbadian pop,2016,111,31,67,-8,8,30,192,11,24,80,3.2,-2.0092493724401184,1.0487199128614306,2
7 Years,Lukas Graham,danish pop,2016,120,47,77,-6,39,34,237,29,5,80,3.95,-1.21434221185861,0.33654503679317693,2
"CAN'T STOP THE FEELING! (Original Song from DreamWorks Animation's ""TROLLS"")",Justin Timberlake,dance pop,2016,113,83,67,-6,19,70,236,1,7,79,3.933333333333333,0.84542079034536,0.2994188231574105,0
Work from Home (feat. Ty Dolla $ign),Fifth Harmony,dance pop,2016,105,59,80,-6,6,59,214,10,4,79,3.566666666666667,-0.03763419993364991,1.955666697469367,0
Scars To Your Beautiful,Alessia Cara,canadian contemporary r&b,2016,97,74,57,-6,11,45,230,3,13,79,3.8333333333333335,-0.20974680785840527,0.19915369011898731,2
Like I'm Gonna Lose You (feat. John Legend),Meghan Trainor,dance pop,2016,108,53,63,-7,18,42,225,40,4,79,3.75,-1.8058292232845319,0.9946349942209873,1
Work,Rihanna,barbadian pop,2016,92,53,73,-6,9,56,219,8,9,78,3.65,-0.4038935712716398,1.604295563907777,0
"Me, Myself & I",G-Eazy,hip hop,2016,112,67,76,-7,16,38,251,2,10,78,4.183333333333334,-0.4681469871380302,0.40666857635195536,2
I Took A Pill In Ibiza - Seeb Remix,Mike Posner,dance pop,2016,102,71,66,-7,8,69,198,4,11,78,3.3,0.2518876389060157,1.2462350681142769,0
Dangerous Woman,Ariana Grande,dance pop,2016,134,60,66,-5,36,29,236,5,4,78,3.933333333333333,-0.3754856917284083,-0.6402941558245935,2
Starving,Hailee Steinfeld,dance pop,2016,100,62,73,-4,11,51,182,38,6,78,3.033333333333333,-0.05085808148197885,1.8234695366111968,0
Shout Out to My Ex,Little Mix,dance pop,2016,126,75,77,-4,11,80,246,2,9,77,4.1,1.4458762304984147,0.614233156393303,0
Electric Love,BÃRNS,electropop,2016,120,80,61,-8,26,52,218,1,5,76,3.633333333333333,-0.1050611770524807,-0.11510227493455047,2
Confident,Demi Lovato,dance pop,2016,130,75,59,-6,9,34,206,0,7,75,3.433333333333333,-0.12219658396887595,0.023600997776972592,2
Too Good,Drake,canadian hip hop,2016,118,65,79,-8,10,39,263,5,10,74,4.383333333333334,-0.8834929625023982,0.5091467430512011,2
Roses,The Chainsmokers,electropop,2016,100,80,71,-7,31,34,227,4,6,74,3.783333333333333,-0.07661343609253683,-0.0006501116849535946,2
Cold Water (feat. Justin Bieber & MÃ),Major Lazer,dance pop,2016,93,80,61,-5,16,50,185,7,4,73,3.083333333333333,0.5920582751946948,0.8218245190287574,0
Me Too,Meghan Trainor,dance pop,2016,124,69,93,-6,48,84,181,10,10,73,3.0166666666666666,1.7044776939931419,0.7660609760468235,3
Light It Up (feat. Nyla & Fuse ODG) [Remix],Major Lazer,dance pop,2016,108,88,75,-4,23,75,166,4,7,73,2.7666666666666666,2.223663189205648,0.9726872769307555,0
Ain't Your Mama,Jennifer Lopez,dance pop,2016,120,68,76,-6,7,82,218,5,23,72,3.633333333333333,0.8961086939875768,0.6754720658589956,0
Close,Nick Jonas,dance pop,2016,124,62,65,-5,14,40,234,25,8,72,3.9,-0.6814381510234392,0.16796236457837502,2
Toothbrush,DNCE,dance pop,2016,105,79,55,-6,47,82,232,12,13,72,3.8666666666666663,0.7242748365544093,-1.0083592292756036,3
All We Know,The Chainsmokers,electropop,2016,90,59,66,-9,12,30,194,10,3,72,3.2333333333333334,-1.5944613740746854,1.4262146867796754,2
Final Song,MÃ,dance pop,2016,105,67,70,-6,8,25,236,1,3,72,3.933333333333333,-0.6178059094407289,0.6592170435357128,2
Hands To Myself,Selena Gomez,dance pop,2016,111,50,81,-7,34,47,201,1,12,71,3.35,-0.23430183514185113,0.5910413292647454,2
All I Ask,Adele,british soul,2016,142,28,59,-5,15,34,272,88,3,71,4.533333333333333,-3.5686413044621963,0.3410548731820082,1
"Just Like Fire (From the Original Motion Picture ""Alice Through The Looking Glass"")",P!nk,dance pop,2016,163,70,63,-6,11,50,215,1,15,71,3.583333333333333,0.20469732163049287,-0.676865212532214,2
NO,Meghan Trainor,dance pop,2016,92,80,56,-4,74,65,214,1,22,70,3.566666666666667,1.585419103973965,-2.241018757110934,3
Kill Em With Kindness,Selena Gomez,dance pop,2016,120,88,76,-5,10,40,218,1,4,70,3.633333333333333,0.9305331439714254,0.43968707713172966,0
Cool Girl,Tove Lo,dance pop,2016,102,69,67,-7,8,20,199,31,11,69,3.316666666666667,-1.3052578976295335,0.7760955161622779,2
Perfect Illusion,Lady Gaga,dance pop,2016,125,86,61,-5,36,66,182,0,4,67,3.033333333333333,1.4904242888687231,-0.4468063580143598,3
PILLOWTALK,ZAYN,dance pop,2016,125,70,59,-4,9,43,204,10,5,66,3.4,0.19984186280674096,0.1299571683908685,0
Out Of The Woods,Taylor Swift,pop,2016,92,84,55,-7,34,34,236,0,4,66,3.933333333333333,-0.3046814805684517,-0.8184499817141546,2
Rise,Katy Perry,dance pop,2016,101,64,55,-6,11,44,203,5,5,66,3.3833333333333333,-0.5322655888434731,0.4818572099941928,2
Wherever I Go,OneRepublic,dance pop,2016,100,69,55,-6,27,35,170,9,4,66,2.833333333333333,-0.30373788685977676,0.19150705642391697,2
Body Say,Demi Lovato,dance pop,2016,87,74,63,-5,28,26,194,0,4,65,3.2333333333333334,0.1433056451716064,0.10095059876397983,2
Don't Be A Fool,Shawn Mendes,canadian pop,2016,175,34,47,-6,10,27,216,60,4,65,3.6,-3.072834498809841,-0.3865761077802415,1
LIKE I WOULD,ZAYN,dance pop,2016,113,83,56,-6,26,23,192,2,11,65,3.2,0.02796150901950261,-0.8449202858367003,2
Cheap Thrills,Sia,australian dance,2016,90,80,59,-5,8,73,225,6,22,64,3.75,0.8468571117234392,-0.0009323035003681887,0
I Got You,Bebe Rexha,dance pop,2016,98,89,61,-5,9,32,192,5,5,64,3.2,0.4941222913478797,0.314115497512917,0
Run Away With Me,Carly Rae Jepsen,canadian pop,2016,119,72,56,-6,5,25,251,1,5,63,4.183333333333334,-0.8477411002296956,-0.4660265131301005,2
Cruel (feat. ZAYN),Snakehips,dance pop,2016,110,88,60,-4,16,32,228,2,12,63,3.8,0.6838339508834999,-0.8468090791438323,2
Send My Love (To Your New Lover),Adele,british soul,2016,164,52,69,-8,17,56,223,4,10,61,3.716666666666667,-0.7672031721434291,-0.3598416076348511,2
WTF (Where They From),Missy Elliott,dance pop,2016,120,82,93,-3,6,56,193,2,20,58,3.216666666666667,2.21850346107742,0.6760379841687806,0
Desire,Years & Years,dance pop,2016,126,78,71,-5,30,64,203,30,6,58,3.3833333333333333,0.6418031368758117,-0.09851674226705417,0
When We Were Young,Adele,british soul,2016,144,59,38,-6,9,27,291,35,5,58,4.85,-2.508173838327087,-1.672644363821311,2
I Know What You Did Last Summer,Shawn Mendes,canadian pop,2016,114,77,68,-5,16,72,224,11,10,57,3.733333333333333,0.8511865630581124,0.030716894348425228,0
Wish That You Were Here - From ÂMiss PeregrineÂs Home for Peculiar ChildrenÂ Original Motion Picture,Florence + The Machine,art pop,2016,94,57,37,-6,13,12,403,72,3,57,6.716666666666667,-4.467730202457019,-1.9444278923969183,1
Hurts,Emeli SandÃ©,dance pop,2016,106,64,58,-8,15,18,238,2,3,57,3.966666666666667,-1.6398005228224939,-0.306541646345896,2
Change,Christina Aguilera,dance pop,2016,82,54,62,-6,13,20,187,68,8,54,3.1166666666666667,-2.3621711404289645,1.0810147723102785,1
Make Me... (feat. G-Eazy),Britney Spears,dance pop,2016,123,70,70,-7,22,58,231,16,10,53,3.85,-0.2150680481083471,-0.31501232809044266,2
Keeping Your Head Up,Birdy,neo mellow,2016,122,78,60,-5,19,53,208,16,5,52,3.466666666666667,0.3268138727620228,-0.4199454687803939,0
True Colors,Zedd,complextro,2016,126,79,57,-3,10,49,225,40,4,51,3.75,0.07380644308199255,-0.4207705679178876,0
Make Me Like You,Gwen Stefani,dance pop,2016,118,71,74,-5,13,80,217,4,5,50,3.6166666666666663,1.0788829234846509,0.4881840485607288,0
Champagne Problems,Nick Jonas,dance pop,2016,108,78,73,-5,9,64,193,0,13,50,3.216666666666667,1.2233218980501903,0.3782593026955435,0
Blown,DNCE,dance pop,2016,130,95,63,-5,10,73,197,0,4,48,3.283333333333333,1.6712766373924457,-0.26261287451087273,0
Start,John Legend,neo mellow,2016,110,4,52,-15,9,26,310,99,4,47,5.166666666666667,-7.918553912354717,0.665319210563191,1
Pep Rally,Missy Elliott,dance pop,2016,90,75,83,-4,20,32,263,22,12,47,4.383333333333334,0.1368078117410118,-0.24908022760649084,0
Higher,Carly Rae Jepsen,canadian pop,2016,114,87,65,-5,37,44,234,1,6,46,3.9,0.8306314498990488,-1.4924634946564397,3
Invitation,Britney Spears,dance pop,2016,112,65,37,-7,9,16,200,3,11,44,3.333333333333333,-1.6042668899437311,-1.2481697474132494,2
One Call Away (feat. Tyga) - Remix,Charlie Puth,dance pop,2016,91,69,75,-5,13,52,192,26,4,41,3.2,0.1248949547214662,0.927467047375772,0
Beautiful Birds (feat. Birdy),Passenger,folk-pop,2016,86,17,39,-13,11,14,214,91,3,36,3.566666666666667,-6.772053764003034,0.7827321404845589,1
Little Lies,Hilary Duff,dance pop,2016,124,76,57,-6,4,40,204,0,6,36,3.4,-0.07811471418333889,-0.612528582140202,2
Do You Wanna Come Over?,Britney Spears,dance pop,2016,121,70,75,-6,11,45,203,1,7,34,3.3833333333333333,0.280022922755295,-0.10066626617695865,0
BURNITUP!,Janet Jackson,dance pop,2016,123,71,83,-7,31,83,250,5,18,31,4.166666666666667,0.8427857721209081,-1.0209832545918267,3
Picky - Remix,Joey Montana,latin,2016,186,81,70,-3,37,69,225,9,7,29,3.75,1.8384661824653687,-2.522516725497527,3
Behind Your Back,Nelly Furtado,canadian latin,2016,98,47,80,-10,7,69,228,25,4,18,3.8,-1.721010962571781,1.0219852204786612,2
Shape of You,Ed Sheeran,pop,2017,96,65,83,-3,9,93,234,58,8,87,3.9,0.6088221482165005,2.4116911749484182,0
Closer,The Chainsmokers,electropop,2017,95,52,75,-6,11,66,245,41,3,86,4.083333333333333,-1.0708838537746384,2.081443464996688,0
Starboy,The Weeknd,canadian contemporary r&b,2017,186,59,68,-7,14,49,230,14,28,85,3.8333333333333335,-0.48866882924731475,-0.9835342605399696,3
Treat You Better,Shawn Mendes,canadian pop,2017,83,82,44,-4,11,75,188,11,34,84,3.1333333333333333,1.1242603272885006,-0.14159232314956396,3
That's What I Like,Bruno Mars,pop,2017,134,56,85,-5,9,86,207,1,4,83,3.45,1.0941776565133539,1.938388216540144,0
Let Me Love You,DJ Snake,electronic trap,2017,100,72,65,-5,14,16,206,9,3,82,3.433333333333333,-0.4149302330018062,0.7448948390833745,2
I Feel It Coming,The Weeknd,canadian contemporary r&b,2017,93,82,77,-6,7,59,269,43,12,81,4.483333333333333,-0.34272283609338344,1.103294369415418,0
Mercy,Shawn Mendes,canadian pop,2017,148,66,56,-5,11,36,209,13,8,81,3.4833333333333334,-0.3943528018000168,-0.15643804289929641,2
Side To Side,Ariana Grande,dance pop,2017,159,74,65,-6,24,61,226,5,23,80,3.7666666666666666,0.6063675833887056,-1.0909267822267137,3
Stay,Zedd,complextro,2017,102,62,69,-5,12,54,210,25,6,80,3.5,-0.24888742700370267,1.3757570252670746,0
It Ain't Me (with Selena Gomez),Kygo,edm,2017,100,53,64,-7,9,52,221,12,7,79,3.683333333333333,-1.0489343922441408,1.2808729366608302,2
Malibu,Miley Cyrus,dance pop,2017,140,78,57,-6,8,34,232,8,6,78,3.8666666666666663,-0.3940060152078902,-0.3069604609740962,2
Something Just Like This,The Chainsmokers,electropop,2017,103,65,61,-7,17,51,248,3,4,78,4.133333333333334,-0.6933132636817427,0.43009769075486687,2
Rockabye (feat. Sean Paul & Anne-Marie),Clean Bandit,dance pop,2017,102,76,72,-4,18,74,251,41,5,78,4.183333333333334,0.3739052659965266,0.9290510504194173,0
I DonÂt Wanna Live Forever (Fifty Shades Darker),ZAYN,dance pop,2017,118,45,74,-8,33,9,245,6,6,78,4.083333333333333,-1.98702953312415,-0.0003025207164514439,2
My Way,Calvin Harris,dance pop,2017,120,91,82,-3,16,54,219,9,4,78,3.65,1.8484230153768308,0.691199117063223,0
"I'm the One (feat. Justin Bieber, Quavo, Chance the Rapper & Lil Wayne)",DJ Khaled,dance pop,2017,81,67,61,-4,17,81,289,6,4,77,4.816666666666666,0.37916393516190977,0.5125859609691041,0
Praying,Kesha,dance pop,2017,73,39,58,-7,11,32,230,49,3,77,3.8333333333333335,-2.9311536180020688,1.7318510063742028,1
Despacito - Remix,Luis Fonsi,latin,2017,178,82,65,-4,10,82,229,23,17,76,3.816666666666667,1.2972301859927793,-0.6975969105469012,3
The Greatest,Sia,australian dance,2017,192,73,67,-6,6,73,210,1,27,76,3.5,1.009133931647801,-0.9358594503165989,3
There for You,Martin Garrix,big room,2017,106,64,61,-8,12,13,222,12,6,76,3.7,-1.76437613253843,0.41629355697220355,2
Paris,The Chainsmokers,electropop,2017,100,64,65,-7,9,25,222,2,3,76,3.7,-1.031049694222838,0.8682586917103701,2
Crying in the Club,Camila Cabello,dance pop,2017,85,62,33,-6,16,60,216,33,38,75,3.6,-1.153712129109974,-0.9605482327291022,3
Mama,Jonas Blue,dance pop,2017,104,79,74,-4,5,57,184,10,4,75,3.066666666666667,1.1459719008257223,1.5783462531698744,0
Slide (feat. Frank Ocean & Migos),Calvin Harris,dance pop,2017,104,80,74,-3,25,51,231,50,5,75,3.85,0.37058166196719167,0.5787771145791277,0
Swish Swish,Katy Perry,dance pop,2017,120,71,84,-5,10,57,243,2,4,73,4.05,0.7156453243757365,0.9815828738955265,0
Chained To The Rhythm,Katy Perry,dance pop,2017,190,80,45,-5,20,47,238,8,17,72,3.966666666666667,0.1851345350300442,-2.490704481429768,3
Cold (feat. Future),Maroon 5,pop,2017,100,72,69,-6,5,41,234,14,11,72,3.9,-0.38804314708914633,0.7030571969660728,2
Love,Lana Del Rey,art pop,2017,99,37,53,-11,11,23,273,49,3,72,4.55,-4.566820558505897,0.7260878075309508,1
ReggaetÃ³n Lento (Remix),CNCO,boy band,2017,94,91,53,-3,10,62,189,15,9,71,3.15,1.3398761279702416,0.3695787141148363,0
First Time,Kygo,edm,2017,90,59,63,-7,10,68,194,20,11,71,3.2333333333333334,-0.5427038624919583,1.4287344698924638,0
The Cure,Lady Gaga,dance pop,2017,100,51,70,-5,9,52,211,8,3,71,3.5166666666666666,-0.3331370309716356,1.4532758404100514,0
"How Far I'll Go - From ""Moana""",Alessia Cara,canadian contemporary r&b,2017,181,54,31,-10,7,16,176,16,35,71,2.933333333333333,-2.6454927075651637,-2.126173951323369,2
Bodak Yellow,Cardi B,pop,2017,125,72,93,-6,35,46,224,7,11,70,3.733333333333333,0.7611081394920538,0.187091695030888,3
Rich Love (with Seeb),OneRepublic,dance pop,2017,105,87,40,-4,36,47,201,17,31,70,3.35,0.661960072152002,-2.1332716348290917,3
Tired,Alan Walker,electro house,2017,124,88,69,-4,15,49,192,4,6,70,3.2,1.3816975069072637,0.21456350160645046,0
Came Here for Love,Sigala,dance pop,2017,125,87,71,-3,12,72,203,3,4,70,3.3833333333333333,2.020147002925687,0.5323264687869781,0
24K Magic,Bruno Mars,pop,2017,107,80,82,-4,15,63,226,3,8,69,3.7666666666666666,1.4746284117809647,0.7598761480550077,0
Strip That Down (feat. Quavo),Liam Payne,dance pop,2017,106,50,87,-5,8,55,202,20,5,69,3.3666666666666667,-0.08334895084976639,2.0757337854742044,0
Cut To The Feeling,Carly Rae Jepsen,canadian pop,2017,115,91,71,-3,30,65,208,1,6,69,3.466666666666667,2.1576670422946806,-0.201076984756973,0
OK - Spotify Version,Robin Schulz,dance pop,2017,122,81,65,-6,13,58,189,12,6,69,3.15,0.5378449103161401,0.5335843247243877,0
Bon appÃ©tit,Katy Perry,dance pop,2017,106,79,80,-6,22,52,228,13,6,68,3.8,0.4643996764378102,0.5775536443931352,0
Summer Bummer (feat. A$AP Rocky & Playboi Carti),Lana Del Rey,art pop,2017,135,57,76,-9,20,14,261,2,13,67,4.35,-1.7446541735029015,-0.5729883058220449,2
Get Low (with Liam Payne),Zedd,complextro,2017,108,93,72,-4,5,54,205,3,5,66,3.4166666666666665,1.5209042169853697,0.6899975216303575,0
Kissing Strangers,DNCE,dance pop,2017,120,74,77,-6,9,86,202,5,4,66,3.3666666666666667,1.1371996017157477,1.3336952978860594,0
Slow Hands,Niall Horan,dance pop,2017,86,42,74,-7,6,85,188,1,5,64,3.1333333333333333,-0.17572751708585232,2.421329441405309,0
Younger Now,Miley Cyrus,dance pop,2017,122,87,55,-5,14,33,249,0,6,62,4.15,0.15563207222573666,-1.0895381940258513,2
Body Moves,DNCE,dance pop,2017,102,69,65,-5,4,86,236,0,4,62,3.933333333333333,0.7711851014466745,0.9340435815792338,0
Reality (feat. Janieck Devy) - Radio Edit,Lost Frequencies,belgian edm,2017,122,64,73,-7,8,53,158,2,4,59,2.6333333333333333,0.15246840756537355,1.299818424431548,0
Angel,Fifth Harmony,dance pop,2017,124,53,74,-6,35,13,189,0,4,59,3.15,-0.6290524812432504,-0.20856360715405414,2
Touch (feat. Kid Ink),Little Mix,dance pop,2017,102,75,64,-4,49,53,203,4,11,59,3.3833333333333333,1.1103991483249458,-1.0572481451511113,3
We Don't Talk Anymore - DROELOE Remix,Charlie Puth,dance pop,2017,100,82,70,-5,45,67,218,49,22,59,3.633333333333333,0.5177979304762559,-0.8388481513770495,3
Love Incredible (feat. Camila Cabello),Cashmere Cat,downtempo,2017,167,50,37,-9,20,21,180,6,12,59,3.0,-2.231669121908169,-1.5823595021878112,2
No Vacancy (with SebastiÃ¡n Yatra),OneRepublic,dance pop,2017,100,76,69,-4,14,59,223,8,4,57,3.716666666666667,0.8226303522372306,0.40670489851759817,0
Rich Boy,Galantis,big room,2017,110,90,74,-2,8,65,184,7,5,55,3.066666666666667,2.294310224358679,0.6634226116173709,0
Lust for Life (with The Weeknd),Lana Del Rey,art pop,2017,100,67,51,-9,36,27,264,58,6,54,4.4,-2.9396695522421394,-1.0886711754229292,1
Greenlight (feat. Flo Rida & LunchMoney Lewis),Pitbull,dance pop,2017,115,83,70,-6,36,63,245,28,27,54,4.083333333333333,0.47481351091465795,-1.519862354994837,3
Influence,Tove Lo,dance pop,2017,105,59,77,-10,11,33,225,10,5,54,3.75,-1.7070304752719772,0.8640409188385605,2
Remember I Told You,Nick Jonas,dance pop,2017,113,53,68,-6,4,84,202,14,28,53,3.3666666666666667,0.18321564108375285,0.43621825324958263,0
Messin' Around,Pitbull,dance pop,2017,158,81,57,-5,4,78,223,2,5,51,3.716666666666667,1.0005094231033547,-0.6660023202776798,0
Water Under the Bridge,Adele,british soul,2017,95,84,60,-7,11,47,240,2,7,49,4.0,-0.15452672745962978,-0.34317217542102835,2
Free Me,Sia,australian dance,2017,87,46,27,-4,14,21,286,85,3,44,4.766666666666667,-3.878477130648877,-1.109196385762971,1
Kissing Strangers - Remix,DNCE,dance pop,2017,120,77,76,-6,8,81,202,8,5,43,3.3666666666666667,1.0479943445233366,0.6680359353746728,0
A L I E N S,Coldplay,permanent wave,2017,148,88,43,-5,21,25,282,0,4,41,4.7,-0.35929653156784913,-3.0047598671393607,2
One Kiss (with Dua Lipa),Calvin Harris,dance pop,2018,124,86,79,-3,8,59,215,4,11,86,3.583333333333333,1.8547655578173785,0.8433794363083849,0
Havana (feat. Young Thug),Camila Cabello,dance pop,2018,105,52,77,-4,13,39,217,18,3,85,3.6166666666666663,-0.32317489673067695,1.6336505629815046,0
I Like It,Cardi B,pop,2018,136,73,82,-4,37,65,253,10,13,85,4.216666666666667,1.2601972064700306,-0.3328199121711836,3
New Rules,Dua Lipa,dance pop,2018,116,70,76,-6,15,61,209,0,7,84,3.4833333333333334,0.6270102730035059,1.1778706837005442,0
There's Nothing Holdin' Me Back,Shawn Mendes,canadian pop,2018,122,81,87,-4,8,97,199,38,6,84,3.316666666666667,1.698301220728859,2.2165840363565295,0
no tears left to cry,Ariana Grande,dance pop,2018,122,71,70,-6,29,35,206,4,6,84,3.433333333333333,0.06872174679420194,0.22276640304955025,2
IDGAF,Dua Lipa,dance pop,2018,97,54,84,-6,8,51,218,4,9,84,3.633333333333333,-0.12188596529593038,1.9950516914746501,0
In My Blood,Shawn Mendes,canadian pop,2018,140,71,62,-7,13,49,211,6,7,83,3.5166666666666666,-0.25728988694641924,0.28322149525852913,2
Wolves,Selena Gomez,dance pop,2018,125,80,72,-5,20,31,198,12,4,83,3.3,0.3995192601519403,0.5062509718543048,0
Dusk Till Dawn - Radio Edit,ZAYN,dance pop,2018,180,44,26,-7,11,10,239,10,4,83,3.983333333333333,-2.9206613339220153,-1.6649018006195466,2
Attention,Charlie Puth,dance pop,2018,100,61,78,-5,13,80,209,11,5,83,3.4833333333333334,0.719512464214499,1.9875590569308357,0
Electricity (with Dua Lipa),Silk City,edm,2018,118,67,59,-6,34,51,238,1,5,82,3.966666666666667,-0.12428145893279595,-0.3806859508179093,2
Love On The Brain,Rihanna,barbadian pop,2018,172,64,51,-5,8,38,224,7,5,82,3.733333333333333,-0.4999343521275507,-0.6179759885018182,2
"Let Me Go (with Alesso, Florida Georgia Line & watt)",Hailee Steinfeld,dance pop,2018,103,71,66,-4,8,74,175,3,5,82,2.9166666666666665,1.2669770924751356,1.6823895021541124,0
Silence,Marshmello,brostep,2018,142,76,52,-3,17,29,181,26,9,82,3.0166666666666666,0.18748080929291022,-0.3602339986972763,2
Sorry Not Sorry,Demi Lovato,dance pop,2018,144,64,71,-7,26,89,204,2,23,81,3.4,0.8794403294387728,-0.0008252404213144761,3
Shallow - Radio Edit,Lady Gaga,dance pop,2018,96,33,57,-7,9,28,217,42,3,80,3.6166666666666663,-2.9589297819549527,1.5925701226616253,1
These Days,Rudimental,dance pop,2018,92,81,65,-4,17,55,211,19,5,80,3.5166666666666666,0.6833363240926965,0.8916966000594332,0
What Lovers Do (feat. SZA),Maroon 5,pop,2018,110,60,80,-5,10,42,200,8,6,79,3.333333333333333,0.12329872223430348,1.5511515220112504,0
Finesse - Remix; feat. Cardi B,Bruno Mars,pop,2018,105,86,70,-5,2,93,217,2,10,78,3.6166666666666663,1.6993885372049686,1.2961823381063817,0
Perfect Duet (Ed Sheeran & BeyoncÃ©),Ed Sheeran,pop,2018,95,30,59,-7,12,36,260,78,3,78,4.333333333333333,-3.849937294572025,1.495971057825786,1
Bad At Love,Halsey,dance pop,2018,118,75,68,-4,9,61,181,6,3,78,3.0166666666666666,1.1144295851430837,1.2255146682980267,0
Him & I (with Halsey),G-Eazy,hip hop,2018,88,73,59,-6,31,19,269,5,9,78,4.483333333333333,-0.8908643924892299,-0.7454958537892395,2
Friends (with BloodPopÂ®),Justin Bieber,canadian pop,2018,105,73,74,-5,30,62,189,0,4,77,3.15,1.1547426385110595,0.8491686263167189,0
Wild Thoughts (feat. Rihanna & Bryson Tiller),DJ Khaled,dance pop,2018,98,67,67,-3,12,63,204,3,7,76,3.4,1.065571043461752,1.0573271192344411,0
My My My!,Troye Sivan,dance pop,2018,103,46,70,-8,5,48,205,0,8,76,3.4166666666666665,-1.1487687856776019,1.6460021936398768,2
Capital Letters,Hailee Steinfeld,dance pop,2018,100,81,66,-6,5,46,219,3,8,76,3.65,0.22726165011045682,0.7930479235276767,0
Sick Boy,The Chainsmokers,electropop,2018,90,58,66,-8,12,45,193,11,5,76,3.216666666666667,-1.0641900318391186,1.5848739278396946,2
Tequila,Dan + Shay,contemporary country,2018,86,59,47,-6,13,50,196,3,3,76,3.2666666666666666,-0.7105309666440096,0.888172131535746,2
Look What You Made Me Do,Taylor Swift,pop,2018,128,71,77,-6,13,51,212,20,12,75,3.533333333333333,0.11219071202883846,0.6769405337252783,0
Youth (feat. Khalid),Shawn Mendes,canadian pop,2018,100,60,53,-7,13,32,191,56,12,75,3.183333333333333,-2.104100654299447,0.7849944524669715,1
Bad Liar,Selena Gomez,dance pop,2018,121,41,97,-6,8,73,215,19,7,75,3.583333333333333,-0.06987897435269383,2.4821895092551163,0
Anywhere,Rita Ora,dance pop,2018,107,80,63,-4,10,32,215,4,6,74,3.583333333333333,0.4309028889559298,0.2606754652816492,0
Say Something,Justin Timberlake,dance pop,2018,97,63,71,-7,8,37,279,10,8,74,4.65,-1.1915820795714402,0.5530105982322102,2
Chun-Li,Nicki Minaj,dance pop,2018,129,73,69,-5,11,48,192,28,37,73,3.2,0.3736915823464306,-0.4052514075369414,3
Sign of the Times,Harry Styles,dance pop,2018,120,57,52,-5,11,21,341,3,3,72,5.683333333333334,-1.8154141922912026,-1.263516764816527,2
Familiar,Liam Payne,dance pop,2018,93,81,64,-5,8,91,197,2,33,72,3.283333333333333,1.7109095881434853,0.31339788800935564,3
Let Me,ZAYN,dance pop,2018,168,57,46,-6,10,19,185,24,5,72,3.083333333333333,-1.5746225385654158,-0.5659634246938771,2
Supernova,Ansel Elgort,dance pop,2018,140,62,77,-5,21,68,191,6,10,72,3.183333333333333,0.9130368234100842,0.5923274800521233,0
Nervous,Shawn Mendes,canadian pop,2018,122,62,84,-7,13,74,164,4,8,71,2.7333333333333334,0.745861353847986,1.8514418090223645,0
End Game,Taylor Swift,pop,2018,159,59,65,-6,11,15,245,1,6,70,4.083333333333333,-1.0646832055870317,-0.7148283699521583,2
Mi Gente (feat. BeyoncÃ©),J Balvin,latin,2018,105,72,76,-6,23,47,210,2,8,68,3.5,0.41411871061213174,0.49778000785744203,0
Lemon,N.E.R.D,hip hop,2018,95,73,92,-7,12,20,220,0,9,68,3.6666666666666665,-0.10046740510812804,1.179209382416142,2
For You (With Rita Ora),Liam Payne,dance pop,2018,113,80,54,-5,42,18,243,2,3,67,4.05,-0.21526990835154916,-1.6491572180949763,2
Want To,Dua Lipa,dance pop,2018,92,69,57,-5,6,32,212,8,12,67,3.533333333333333,-0.407493596193709,0.3036817713440212,2
What I Need (feat. Kehlani),Hayley Kiyoko,dance pop,2018,104,79,63,-4,16,41,220,5,6,67,3.6666666666666665,0.5589102110818108,0.008228794069436537,0
Wait,Maroon 5,pop,2018,126,60,66,-5,11,45,191,10,6,67,3.183333333333333,-0.08084285874870095,0.6236767680155325,0
What About Us,P!nk,dance pop,2018,114,59,39,-6,9,19,272,3,6,66,4.533333333333333,-1.9201102654021855,-1.1302405777640325,2
2U (feat. Justin Bieber),David Guetta,dance pop,2018,145,61,53,-7,23,53,195,23,6,65,3.25,-0.8808562125733068,-0.35864255313077137,2
Walk On Water (feat. BeyoncÃ©),Eminem,detroit hip hop,2018,82,44,48,-10,64,62,304,81,24,65,5.066666666666666,-3.7288929932129355,-1.7252676240031963,1
This Town,Niall Horan,dance pop,2018,112,41,68,-8,12,20,233,70,3,64,3.883333333333333,-3.491713758907312,1.1229668556425134,1
"Girls (feat. Cardi B, Bebe Rexha & Charli XCX)",Rita Ora,dance pop,2018,94,69,73,-4,10,42,221,2,5,64,3.683333333333333,0.4600103426069866,0.8101267406683067,0
MOVE TO MIAMI,Enrique Iglesias,dance pop,2018,100,87,76,-4,7,90,169,3,5,64,2.816666666666667,2.3427336358563524,1.6606334106611307,0
Miss You (with Major Lazer & Tory Lanez),Cashmere Cat,downtempo,2018,100,64,75,-5,11,45,186,25,9,64,3.1,-0.057909711612801174,1.2644486728393922,0
Filthy,Justin Timberlake,dance pop,2018,97,58,75,-6,25,65,294,4,14,62,4.9,-0.23930513101683742,-0.26395205536221067,2
Never Be the Same - Radio Edit,Camila Cabello,dance pop,2018,130,69,63,-4,12,25,227,16,9,57,3.783333333333333,-0.2911283879743709,-0.6340329999790155,2
Ferrari,Bebe Rexha,dance pop,2018,77,48,58,-6,10,42,213,2,3,57,3.55,-1.1055169256788349,0.9664798481429251,2
Supplies,Justin Timberlake,dance pop,2018,120,55,79,-7,13,23,226,1,5,57,3.7666666666666666,-0.9521441268177114,0.43543258443002875,2
Boom Boom,RedOne,moroccan pop,2018,110,76,75,-8,20,58,248,0,5,53,4.133333333333334,-0.043070779516635085,-0.002987528484552086,2
...Ready For It? - BloodPopÂ® Remix,Taylor Swift,pop,2018,160,84,58,-5,10,50,190,13,22,52,3.1666666666666665,0.764136153896194,-1.4164627321865602,3
Drip (feat. Migos),Cardi B,pop,2018,130,59,97,-8,8,27,264,5,26,45,4.4,-0.7547874181684221,-0.34346760645408964,2
Tell Me You Love Me - NOTD Remix,Demi Lovato,dance pop,2018,102,77,58,-5,9,76,182,5,8,44,3.033333333333333,0.986347401550949,0.2873536231526902,0
Memories,Maroon 5,pop,2019,91,32,76,-7,8,57,189,84,5,99,3.15,-2.6772642824590096,3.6383737705580432,1
Lose You To Love Me,Selena Gomez,dance pop,2019,102,34,51,-9,21,9,206,58,4,97,3.433333333333333,-4.105724924709518,1.3692028041111999,1
Someone You Loved,Lewis Capaldi,pop,2019,110,41,50,-6,11,45,182,75,3,96,3.033333333333333,-2.6689818539387673,2.0343914692281126,1
SeÃ±orita,Shawn Mendes,canadian pop,2019,117,54,76,-6,9,75,191,4,3,95,3.183333333333333,0.3363088370981031,2.3705904176668255,0
How Do You Sleep?,Sam Smith,pop,2019,111,68,48,-5,8,35,202,15,9,93,3.3666666666666667,-0.6287111360551787,0.55369366506429,2
South of the Border (feat. Camila Cabello & Cardi B),Ed Sheeran,pop,2019,98,62,86,-6,9,67,204,15,8,92,3.4,0.358426246878669,2.507078259774145,0
Trampoline (with ZAYN),SHAED,electropop,2019,127,46,62,-6,14,50,184,56,3,92,3.066666666666667,-1.693443178970814,1.7985189308504839,1
Happier,Marshmello,brostep,2019,100,79,69,-3,17,67,214,19,5,90,3.566666666666667,1.2125750213790383,1.2174626745092765,0
Truth Hurts,Lizzo,escape room,2019,158,62,72,-3,12,41,173,11,11,90,2.8833333333333333,0.8056239503617555,0.660763558983374,0
Good as Hell (feat. Ariana Grande) - Remix,Lizzo,escape room,2019,96,89,67,-3,74,48,159,30,6,90,2.65,1.6900174505825951,-0.4411655244901194,3
Higher Love,Kygo,edm,2019,104,68,69,-7,10,40,228,2,3,88,3.8,-0.5371440441790203,1.2315956597065125,2
Only Human,Jonas Brothers,boy band,2019,94,50,80,-6,6,87,183,11,7,87,3.05,0.3942058793901369,2.9483067744235867,0
Beautiful People (feat. Khalid),Ed Sheeran,pop,2019,93,65,64,-8,8,55,198,12,19,86,3.3,-0.6394467775367523,1.2604805973072954,2
Sucker,Jonas Brothers,boy band,2019,138,73,84,-5,11,95,181,4,6,86,3.0166666666666666,1.942369870280682,1.8826859142790704,0
Don't Call Me Up,Mabel,dance pop,2019,99,88,67,-3,8,23,178,30,15,86,2.966666666666667,0.621868901803274,0.8301273050784154,0
I Don't Care (with Justin Bieber),Ed Sheeran,pop,2019,102,68,80,-5,9,84,220,9,4,85,3.6666666666666665,1.0052943873592701,2.0555184258643706,0
Talk (feat. Disclosure),Khalid,alternative r&b,2019,136,40,90,-9,6,35,198,5,13,84,3.3,-1.3288652492931934,1.884457245772123,2
Giant (with Rag'n'Bone Man),Calvin Harris,dance pop,2019,122,89,81,-4,8,61,229,2,4,84,3.816666666666667,1.6537510831251878,1.0344908983926542,0
Takeaway,The Chainsmokers,electropop,2019,100,51,53,-8,10,35,210,13,3,83,3.5,-1.9402803441317014,1.1344648407594835,2
All Around The World (La La La),R3HAB,big room,2019,125,86,73,-5,11,52,148,48,3,82,2.466666666666667,0.5205678822694924,1.7351540913685406,0
Girls Like You (feat. Cardi B),Maroon 5,pop,2019,125,54,85,-7,13,45,236,57,5,81,3.933333333333333,-1.6203218661211438,1.6884581178345315,1
Call You Mine,The Chainsmokers,electropop,2019,104,70,59,-6,34,52,218,20,3,81,3.633333333333333,-0.32340943119446447,0.19739771789455904,2
No Guidance (feat. Drake),Chris Brown,dance pop,2019,93,45,70,-7,16,14,261,12,15,81,4.35,-2.0515601137097943,0.44500184578971247,2
Antisocial (with Travis Scott),Ed Sheeran,pop,2019,152,82,72,-5,36,91,162,13,5,78,2.7,2.033512526072946,0.335402890703699,0
"Taki Taki (feat. Selena Gomez, Ozuna & Cardi B)",DJ Snake,electronic trap,2019,96,80,84,-4,6,62,213,16,23,77,3.55,1.3551680717673042,1.136037643807578,0
Con Calma - Remix,Daddy Yankee,latin,2019,94,87,74,-3,4,61,181,17,5,76,3.0166666666666666,1.6015381670282245,1.7108297575088764,0
Find U Again (feat. Camila Cabello),Mark Ronson,dance pop,2019,104,66,61,-7,20,16,176,1,3,75,2.933333333333333,-0.8239833186650433,0.6003206984155373,2
Cross Me (feat. Chance the Rapper & PnB Rock),Ed Sheeran,pop,2019,95,79,75,-6,7,61,206,21,12,75,3.433333333333333,0.4112285312600391,1.3860949294726306,0
"No Brainer (feat. Justin Bieber, Chance the Rapper & Quavo)",DJ Khaled,dance pop,2019,136,76,53,-5,9,65,260,7,34,70,4.333333333333333,0.40638612358546516,-1.655790068195531,3
Nothing Breaks Like a Heart (feat. Miley Cyrus),Mark Ronson,dance pop,2019,114,79,60,-6,42,24,217,1,7,69,3.6166666666666663,-0.0358460621559875,-1.188145684201358,2
Kills You Slowly,The Chainsmokers,electropop,2019,150,44,70,-9,13,23,213,6,6,67,3.55,-1.9861024766614739,0.2704904141437168,2
